-- phpMyAdmin SQL Dump
-- version 5.2.0
-- https://www.phpmyadmin.net/
--
-- Хост: 127.0.0.1:3306
-- Время создания: Апр 17 2024 г., 19:45
-- Версия сервера: 10.4.26-MariaDB
-- Версия PHP: 8.1.9

SET SQL_MODE = "NO_AUTO_VALUE_ON_ZERO";
START TRANSACTION;
SET time_zone = "+00:00";


/*!40101 SET @OLD_CHARACTER_SET_CLIENT=@@CHARACTER_SET_CLIENT */;
/*!40101 SET @OLD_CHARACTER_SET_RESULTS=@@CHARACTER_SET_RESULTS */;
/*!40101 SET @OLD_COLLATION_CONNECTION=@@COLLATION_CONNECTION */;
/*!40101 SET NAMES utf8mb4 */;

--
-- База данных: `progress`
--

-- --------------------------------------------------------

--
-- Структура таблицы `credit_names`
--

CREATE TABLE `credit_names` (
  `id` bigint(20) UNSIGNED NOT NULL,
  `name` varchar(250) COLLATE utf8mb4_unicode_ci NOT NULL,
  `type` tinyint(1) NOT NULL,
  `created_at` timestamp NULL DEFAULT NULL,
  `updated_at` timestamp NULL DEFAULT NULL
) ENGINE=InnoDB DEFAULT CHARSET=utf8mb4 COLLATE=utf8mb4_unicode_ci;

--
-- Дамп данных таблицы `credit_names`
--

INSERT INTO `credit_names` (`id`, `name`, `type`, `created_at`, `updated_at`) VALUES
(1, 'Иные взыскания имущественного характера в пользу физических и юридических лиц', 0, '2024-03-13 04:46:35', '2024-03-13 04:46:35'),
(2, 'Исполнительский сбор', 1, '2024-03-13 04:46:35', '2024-03-13 04:46:35'),
(3, 'Штраф ГИБДД', 0, '2024-03-13 09:50:58', '2024-03-13 09:50:58'),
(4, 'Исполнительский сбор', 1, '2024-03-13 09:50:58', '2024-03-13 09:50:58'),
(5, 'Штраф ГИБДД', 0, '2024-03-13 09:52:34', '2024-03-13 09:52:34'),
(6, 'Исполнительский сбор', 1, '2024-03-13 09:52:34', '2024-03-13 09:52:34'),
(7, 'Штраф ГИБДД', 0, '2024-03-13 09:56:13', '2024-03-13 09:56:13'),
(8, 'Исполнительский сбор', 1, '2024-03-13 09:56:13', '2024-03-13 09:56:13'),
(9, 'Штраф ГИБДД', 0, '2024-03-13 09:58:16', '2024-03-13 09:58:16'),
(10, 'Исполнительский сбор', 1, '2024-03-13 09:58:16', '2024-03-13 09:58:16'),
(11, 'Штраф ГИБДД', 0, '2024-03-13 10:53:55', '2024-03-13 10:53:55'),
(12, 'Исполнительский сбор', 1, '2024-03-13 10:53:55', '2024-03-13 10:53:55'),
(13, 'Общая сумма задолженности', 0, '2024-03-13 11:13:51', '2024-03-13 11:13:51'),
(14, 'Общая сумма задолженности', 0, '2024-03-13 11:16:35', '2024-03-13 11:16:35'),
(15, 'Штраф ГИБДД', 0, '2024-03-13 11:17:03', '2024-03-13 11:17:03'),
(16, 'Исполнительский сбор', 1, '2024-03-13 11:17:03', '2024-03-13 11:17:03'),
(17, 'Общая сумма задолженности', 0, '2024-03-13 11:17:24', '2024-03-13 11:17:24'),
(18, 'Штраф ГИБДД', 0, '2024-03-13 11:22:10', '2024-03-13 11:22:10'),
(19, 'Исполнительский сбор', 1, '2024-03-13 11:22:10', '2024-03-13 11:22:10'),
(20, 'Общая сумма задолженности', 0, '2024-03-13 11:22:31', '2024-03-13 11:22:31'),
(21, 'Общая сумма задолженности', 0, '2024-03-13 11:22:47', '2024-03-13 11:22:47'),
(22, 'Общая сумма задолженности', 0, '2024-03-13 11:24:14', '2024-03-13 11:24:14'),
(23, 'Иные взыскания имущественного характера в пользу физических и юридических лиц', 0, '2024-03-19 09:40:14', '2024-03-19 09:40:14'),
(24, 'Исполнительский сбор', 1, '2024-03-19 09:40:14', '2024-03-19 09:40:14'),
(25, 'Иной штраф ОВД', 0, '2024-03-19 09:41:18', '2024-03-19 09:41:18'),
(26, 'Исполнительский сбор', 1, '2024-03-19 09:41:18', '2024-03-19 09:41:18'),
(27, 'Общая сумма задолженности', 0, '2024-03-19 09:41:39', '2024-03-19 09:41:39');

-- --------------------------------------------------------

--
-- Структура таблицы `docs`
--

CREATE TABLE `docs` (
  `id` bigint(20) UNSIGNED NOT NULL,
  `title` varchar(255) COLLATE utf8mb4_unicode_ci NOT NULL,
  `created_at` timestamp NULL DEFAULT NULL,
  `updated_at` timestamp NULL DEFAULT NULL
) ENGINE=InnoDB DEFAULT CHARSET=utf8mb4 COLLATE=utf8mb4_unicode_ci;

--
-- Дамп данных таблицы `docs`
--

INSERT INTO `docs` (`id`, `title`, `created_at`, `updated_at`) VALUES
(1, 'Исполнительный лист', NULL, NULL),
(2, 'Нотариально удостоверенное соглашение об уплате алиментов', NULL, NULL),
(3, 'Акт по делу об административном правонарушении', NULL, NULL),
(4, 'Судебный приказ', NULL, NULL),
(5, 'Акт органа, осуществляющего контрольные функции', NULL, NULL),
(6, 'Удостоверение комиссии по трудовым спорам', NULL, NULL),
(7, 'Акт другого органа', NULL, NULL),
(8, 'Постановление судебного пристава-исполнителя', NULL, NULL),
(10, 'Исполнительная надпись нотариуса', NULL, NULL),
(11, 'Судебный акт по делу об административном правонарушении', NULL, NULL),
(12, 'Запрос центрального органа о розыске ребенка', NULL, NULL),
(13, 'Исполнительный документ, выданный компетентным органом иностранного государства', NULL, NULL),
(16, 'Удостоверение, выданное уполномоченным по правам потребителей финансовых услуг в порядке, предусмотренном Федеральным законом от 04.06.2018 № 123-ФЗ \"Об уполномоченном по правам потребителей финансовых услуг', NULL, NULL),
(17, 'Опре-ие судьи о наложении ареста на им-во в целях обеспечения исполнения постановления о назначении адм-го наказания за совершение адм-го правонарушения, предусмотренного статьей 19.28 Кодекса Российской Федерации об адм-ных правонарушениях', NULL, NULL),
(18, 'Нотариально удостоверенное медиативное соглашение', NULL, NULL),
(19, 'Решение государственного инспектора труда о принудительном исполнении обязанности работодателя по выплатам, осуществляемым в рамках трудовых отношений', NULL, NULL);

-- --------------------------------------------------------

--
-- Структура таблицы `error_histori_search_reestrs`
--

CREATE TABLE `error_histori_search_reestrs` (
  `id` bigint(20) UNSIGNED NOT NULL,
  `code` int(11) NOT NULL,
  `message` varchar(255) COLLATE utf8mb4_unicode_ci NOT NULL,
  `time` timestamp NOT NULL,
  `reestr_id` bigint(20) NOT NULL,
  `created_at` timestamp NULL DEFAULT NULL,
  `updated_at` timestamp NULL DEFAULT NULL
) ENGINE=InnoDB DEFAULT CHARSET=utf8mb4 COLLATE=utf8mb4_unicode_ci;

--
-- Дамп данных таблицы `error_histori_search_reestrs`
--

INSERT INTO `error_histori_search_reestrs` (`id`, `code`, `message`, `time`, `reestr_id`, `created_at`, `updated_at`) VALUES
(20, 905, 'catch breakpoint', '2024-02-29 14:43:18', 2, '2024-02-29 14:43:18', '2024-02-29 14:43:18'),
(21, 905, 'catch breakpoint', '2024-02-29 14:43:52', 2, '2024-02-29 14:43:52', '2024-02-29 14:43:52'),
(22, 905, 'catch breakpoint', '2024-02-29 14:44:11', 3, '2024-02-29 14:44:11', '2024-02-29 14:44:11'),
(23, 905, 'catch breakpoint', '2024-02-29 14:44:30', 5, '2024-02-29 14:44:30', '2024-02-29 14:44:30'),
(24, 905, 'catch breakpoint', '2024-02-29 14:44:47', 6, '2024-02-29 14:44:47', '2024-02-29 14:44:47'),
(25, 905, 'catch breakpoint', '2024-02-29 14:45:05', 7, '2024-02-29 14:45:05', '2024-02-29 14:45:05'),
(26, 905, 'catch breakpoint', '2024-02-29 15:51:05', 2, '2024-02-29 15:51:05', '2024-02-29 15:51:05'),
(27, 706, 'connection limit exceeded', '2024-02-29 17:04:25', 2, '2024-02-29 17:04:25', '2024-02-29 17:04:25'),
(28, 706, 'connection limit exceeded', '2024-02-29 17:06:32', 5, '2024-02-29 17:06:32', '2024-02-29 17:06:32'),
(29, 706, 'connection limit exceeded', '2024-02-29 17:06:50', 6, '2024-02-29 17:06:50', '2024-02-29 17:06:50'),
(30, 706, 'connection limit exceeded', '2024-02-29 17:07:07', 7, '2024-02-29 17:07:07', '2024-02-29 17:07:07'),
(31, 706, 'connection limit exceeded', '2024-03-01 20:31:30', 2, '2024-03-01 20:31:30', '2024-03-01 20:31:30'),
(32, 706, 'connection limit exceeded', '2024-03-03 15:32:56', 2, '2024-03-03 15:32:56', '2024-03-03 15:32:56'),
(33, 706, 'connection limit exceeded', '2024-03-03 15:35:08', 5, '2024-03-03 15:35:08', '2024-03-03 15:35:08'),
(34, 706, 'connection limit exceeded', '2024-03-03 15:36:41', 2, '2024-03-03 15:36:41', '2024-03-03 15:36:41'),
(35, 705, 'fssp long request', '2024-03-03 15:37:00', 3, '2024-03-03 15:37:00', '2024-03-03 15:37:00'),
(36, 706, 'connection limit exceeded', '2024-03-03 15:37:18', 5, '2024-03-03 15:37:18', '2024-03-03 15:37:18'),
(37, 905, 'catch breakpoint', '2024-03-03 15:38:39', 6, '2024-03-03 15:38:39', '2024-03-03 15:38:39'),
(38, 905, 'catch breakpoint', '2024-03-03 15:40:00', 7, '2024-03-03 15:40:00', '2024-03-03 15:40:00'),
(39, 705, 'fssp long request', '2024-03-12 07:03:38', 2, '2024-03-12 07:03:38', '2024-03-12 07:03:38'),
(40, 905, 'catch breakpoint', '2024-03-12 07:04:30', 2, '2024-03-12 07:04:30', '2024-03-12 07:04:30'),
(41, 905, 'catch breakpoint', '2024-03-12 07:34:30', 2, '2024-03-12 07:34:30', '2024-03-12 07:34:30'),
(42, 705, 'fssp long request', '2024-03-13 10:50:25', 3, '2024-03-13 10:50:25', '2024-03-13 10:50:25'),
(43, 905, 'catch breakpoint', '2024-03-13 10:51:17', 6, '2024-03-13 10:51:17', '2024-03-13 10:51:17'),
(44, 905, 'catch breakpoint', '2024-03-13 10:55:27', 6, '2024-03-13 10:55:27', '2024-03-13 10:55:27'),
(45, 302, 'Service Temporarily Unavailable', '2024-03-13 11:16:36', 6, '2024-03-13 11:16:36', '2024-03-13 11:16:36'),
(46, 302, 'Service Temporarily Unavailable', '2024-03-13 11:17:26', 6, '2024-03-13 11:17:26', '2024-03-13 11:17:26'),
(47, 302, 'Service Temporarily Unavailable', '2024-03-13 11:22:11', 2, '2024-03-13 11:22:11', '2024-03-13 11:22:11'),
(48, 302, 'Service Temporarily Unavailable', '2024-03-13 11:22:32', 6, '2024-03-13 11:22:32', '2024-03-13 11:22:32'),
(49, 302, 'Service Temporarily Unavailable', '2024-03-13 11:22:48', 6, '2024-03-13 11:22:48', '2024-03-13 11:22:48'),
(50, 302, 'Service Temporarily Unavailable', '2024-03-13 11:24:15', 6, '2024-03-13 11:24:15', '2024-03-13 11:24:15');

-- --------------------------------------------------------

--
-- Структура таблицы `failed_jobs`
--

CREATE TABLE `failed_jobs` (
  `id` bigint(20) UNSIGNED NOT NULL,
  `uuid` varchar(255) COLLATE utf8mb4_unicode_ci NOT NULL,
  `connection` text COLLATE utf8mb4_unicode_ci NOT NULL,
  `queue` text COLLATE utf8mb4_unicode_ci NOT NULL,
  `payload` longtext COLLATE utf8mb4_unicode_ci NOT NULL,
  `exception` longtext COLLATE utf8mb4_unicode_ci NOT NULL,
  `failed_at` timestamp NOT NULL DEFAULT current_timestamp()
) ENGINE=InnoDB DEFAULT CHARSET=utf8mb4 COLLATE=utf8mb4_unicode_ci;

-- --------------------------------------------------------

--
-- Структура таблицы `files`
--

CREATE TABLE `files` (
  `id` int(11) NOT NULL,
  `message_id` int(11) NOT NULL,
  `sender_id` int(11) NOT NULL,
  `url` varchar(512) COLLATE utf8mb4_unicode_ci DEFAULT NULL,
  `original_name` varchar(100) COLLATE utf8mb4_unicode_ci NOT NULL,
  `file_name` varchar(100) COLLATE utf8mb4_unicode_ci NOT NULL,
  `updated_at` timestamp NOT NULL,
  `created_at` timestamp NOT NULL
) ENGINE=InnoDB DEFAULT CHARSET=utf8mb4 COLLATE=utf8mb4_unicode_ci;

--
-- Дамп данных таблицы `files`
--

INSERT INTO `files` (`id`, `message_id`, `sender_id`, `url`, `original_name`, `file_name`, `updated_at`, `created_at`) VALUES
(1, 1, 1, 'https://www.gosuslugi.ru/api/lk/geps/file/download/6240148769?inline=false&_=0.2240186284198722', '80404486766058_20230724.pdf', '084a98f6-d678-49fb-a48d-64dc62f8ecec.PDF', '0000-00-00 00:00:00', '0000-00-00 00:00:00');

-- --------------------------------------------------------

--
-- Структура таблицы `fssp_reestr_fields`
--

CREATE TABLE `fssp_reestr_fields` (
  `id` bigint(20) UNSIGNED NOT NULL,
  `name` varchar(255) COLLATE utf8mb4_unicode_ci NOT NULL,
  `type` int(11) NOT NULL,
  `created_at` timestamp NULL DEFAULT NULL,
  `updated_at` timestamp NULL DEFAULT NULL
) ENGINE=InnoDB DEFAULT CHARSET=utf8mb4 COLLATE=utf8mb4_unicode_ci;

--
-- Дамп данных таблицы `fssp_reestr_fields`
--

INSERT INTO `fssp_reestr_fields` (`id`, `name`, `type`, `created_at`, `updated_at`) VALUES
(1, 'Должник*', 1, '2024-02-29 14:43:18', '2024-02-29 14:43:18'),
(2, 'Дата рождения (физ. лица)', 0, '2024-02-29 14:43:18', '2024-02-29 14:43:18'),
(3, 'ИНН (юр. лица)', 0, '2024-02-29 14:43:18', '2024-02-29 14:43:18'),
(4, 'Исполнительное производство (номер)', 0, '2024-02-29 14:43:18', '2024-02-29 14:43:18'),
(5, 'Исполнительный документ (номер)*', 1, '2024-02-29 14:43:18', '2024-02-29 14:43:18'),
(6, 'Регион*', 1, '2024-02-29 14:43:18', '2024-02-29 14:43:18'),
(7, 'Статус', 0, '2024-02-29 14:43:18', '2024-02-29 14:43:18'),
(8, 'Сумма долга', 0, '2024-02-29 14:43:18', '2024-02-29 14:43:18'),
(9, 'Отдел судебных приставов', 0, '2024-02-29 14:43:18', '2024-02-29 14:43:18'),
(10, 'Судебный пристав-исполнитель', 0, '2024-02-29 14:43:18', '2024-02-29 14:43:18');

-- --------------------------------------------------------

--
-- Структура таблицы `histori_search_reestr_ids`
--

CREATE TABLE `histori_search_reestr_ids` (
  `id` bigint(20) UNSIGNED NOT NULL,
  `id_number` varchar(255) COLLATE utf8mb4_unicode_ci DEFAULT NULL,
  `fio` varchar(255) COLLATE utf8mb4_unicode_ci DEFAULT NULL,
  `hash` varchar(32) COLLATE utf8mb4_unicode_ci DEFAULT NULL,
  `status` varchar(200) COLLATE utf8mb4_unicode_ci DEFAULT NULL,
  `credit` varchar(255) COLLATE utf8mb4_unicode_ci DEFAULT NULL,
  `line` longtext CHARACTER SET utf8mb4 COLLATE utf8mb4_bin NOT NULL CHECK (json_valid(`line`)),
  `header` int(11) NOT NULL,
  `created_at` timestamp NULL DEFAULT NULL,
  `updated_at` timestamp NULL DEFAULT NULL
) ENGINE=InnoDB DEFAULT CHARSET=utf8mb4 COLLATE=utf8mb4_unicode_ci;

--
-- Дамп данных таблицы `histori_search_reestr_ids`
--

INSERT INTO `histori_search_reestr_ids` (`id`, `id_number`, `fio`, `hash`, `status`, `credit`, `line`, `header`, `created_at`, `updated_at`) VALUES
(5, ' 2-2545/22', 'СЛОБОДЧИКОВ МИХАИЛ ЛЕОНИДОВИЧ', NULL, '0', 'Иные взыскания имущественного характера в пользу физических и юридических лиц: 76225.00 руб.<br />Исполнительский сбор: 5335.75 руб.<br />', '[\"СЛОБОДЧИКОВ МИХАИЛ ЛЕОНИДОВИЧ<br>24.12.1985<br>ОМСКАЯ ОБЛ., Г. ОМСК\", \"СЛОБОДЧИКОВ МИХАИЛ ЛЕОНИДОВИЧ<br>24.12.1985<br>ОМСКАЯ ОБЛ., Г. ОМСК\", \"25629/24/37004-ИП от 05.02.2024\", \"Судебный приказ от 16.09.2022 № 2-2545/22<br />Постановление о взыскании исполнительского сбора<br />СУДЕБНЫЙ УЧАСТОК № 5 ФРУНЗЕНСКОГО СУДЕБНОГО РАЙОНА Г. ИВАНОВА<br />7730233723\", \"\", \"Иные взыскания имущественного характера в пользу физических и юридических лиц: 76225.00 руб.<br />Исполнительский сбор: 5335.75 руб.<br />\", \"Фрунзенское РОСП г. Иваново<br>153000, Россия, Ивановская обл., , г. Иваново, , ул. Багаева, д. 27, ,\", \"НОВИКОВ Ю. В.<br><b>+74932482650</b>\"]', 0, '2024-02-29 14:20:02', '2024-02-29 14:20:02'),
(6, ' 2-2545/22', 'СЛОБОДЧИКОВ МИХАИЛ ЛЕОНИДОВИЧ', NULL, '1', 'Иные взыскания имущественного характера в пользу физических и юридических лиц<br /><br />Общая сумма задолженности: 81560.75 руб.', '[\"СЛОБОДЧИКОВ МИХАИЛ ЛЕОНИДОВИЧ<br>24.12.1985<br>ОМСКАЯ ОБЛ., Г. ОМСК\", \"СЛОБОДЧИКОВ МИХАИЛ ЛЕОНИДОВИЧ<br>24.12.1985<br>ОМСКАЯ ОБЛ., Г. ОМСК\", \"22306/23/37004-ИП от 16.02.2023\", \"Судебный приказ от 16.09.2022 № 2-2545/22<br />СУДЕБНЫЙ УЧАСТОК № 5 ФРУНЗЕНСКОГО СУДЕБНОГО РАЙОНА Г. ИВАНОВА<br />7730233723\", \"19.04.2023<br />ст. 46<br />ч. 1<br />п. 4\", \"Иные взыскания имущественного характера в пользу физических и юридических лиц<br /><br />Общая сумма задолженности: 81560.75 руб.\", \"Фрунзенское РОСП г. Иваново<br>153000, Россия, Ивановская обл., , г. Иваново, , ул. Багаева, д. 27, ,\", \"НОВИКОВ Ю. В.<br><b>+74932482650</b>\"]', 0, '2024-02-29 14:20:02', '2024-02-29 14:20:02'),
(7, ' 2-2316/2023-16', 'ФИЛИМОНОВ ОЛЕГ ВАЛЕРЬЕВИЧ', NULL, '0', 'Задолженность по кредитным платежам (кроме ипотеки): 20085.10 руб.<br />', '[\"ФИЛИМОНОВ ОЛЕГ ВАЛЕРЬЕВИЧ<br>02.04.1978<br>СМОЛЕНСКАЯ ОБЛ., Г. ВЯЗЬМА\", \"ФИЛИМОНОВ ОЛЕГ ВАЛЕРЬЕВИЧ<br>02.04.1978<br>СМОЛЕНСКАЯ ОБЛ., Г. ВЯЗЬМА\", \"310102/23/67020-ИП от 09.01.2024<br>80397/22/67020-СД\", \"Судебный приказ от 14.07.2023 № 2-2316/2023-16<br />СУДЕБНЫЙ УЧАСТОК № 16 В МО \\\"ВЯЗЕМСКИЙ РАЙОН\\\"<br />7606119487\", \"\", \"Задолженность по кредитным платежам (кроме ипотеки): 20085.10 руб.<br />\", \"ОСП по Вяземскому, Темкинскому и Угранскому районам<br>215110, Россия, Смоленская обл., Вяземский р-н, г. Вязьма, , ул. Просвещения, 6а, ,\", \"ВОРОНЦОВА Е. С.<br><b>+74812307494</b>\"]', 0, '2024-02-29 14:20:19', '2024-02-29 14:20:19'),
(8, ' 2-2545/22', 'СЛОБОДЧИКОВ МИХАИЛ ЛЕОНИДОВИЧ', NULL, '0', 'Иные взыскания имущественного характера в пользу физических и юридических лиц: 76225.00 руб.<br />Исполнительский сбор: 5335.75 руб.<br />', '[\"СЛОБОДЧИКОВ МИХАИЛ ЛЕОНИДОВИЧ<br>24.12.1985<br>ОМСКАЯ ОБЛ., Г. ОМСК\", \"25629/24/37004-ИП от 05.02.2024\", \"Судебный приказ от 16.09.2022 № 2-2545/22<br />Постановление о взыскании исполнительского сбора<br />СУДЕБНЫЙ УЧАСТОК № 5 ФРУНЗЕНСКОГО СУДЕБНОГО РАЙОНА Г. ИВАНОВА<br />7730233723\", \"\", \"Иные взыскания имущественного характера в пользу физических и юридических лиц: 76225.00 руб.<br />Исполнительский сбор: 5335.75 руб.<br />\", \"Фрунзенское РОСП г. Иваново<br>153000, Россия, Ивановская обл., , г. Иваново, , ул. Багаева, д. 27, ,\", \"НОВИКОВ Ю. В.<br><b>+74932482650</b>\"]', 0, '2024-02-29 17:05:54', '2024-02-29 17:05:54'),
(9, ' 2-2545/22', 'СЛОБОДЧИКОВ МИХАИЛ ЛЕОНИДОВИЧ', NULL, '1', 'Иные взыскания имущественного характера в пользу физических и юридических лиц<br /><br />Общая сумма задолженности: 81560.75 руб.', '[\"СЛОБОДЧИКОВ МИХАИЛ ЛЕОНИДОВИЧ<br>24.12.1985<br>ОМСКАЯ ОБЛ., Г. ОМСК\", \"22306/23/37004-ИП от 16.02.2023\", \"Судебный приказ от 16.09.2022 № 2-2545/22<br />СУДЕБНЫЙ УЧАСТОК № 5 ФРУНЗЕНСКОГО СУДЕБНОГО РАЙОНА Г. ИВАНОВА<br />7730233723\", \"19.04.2023<br />ст. 46<br />ч. 1<br />п. 4\", \"Иные взыскания имущественного характера в пользу физических и юридических лиц<br /><br />Общая сумма задолженности: 81560.75 руб.\", \"Фрунзенское РОСП г. Иваново<br>153000, Россия, Ивановская обл., , г. Иваново, , ул. Багаева, д. 27, ,\", \"НОВИКОВ Ю. В.<br><b>+74932482650</b>\"]', 0, '2024-02-29 17:05:54', '2024-02-29 17:05:54'),
(10, ' 220206007', 'СЛОБОДЧИКОВ МИХАИЛ ЛЕОНИДОВИЧ', NULL, '0', 'Иной штраф ОВД: 500.00 руб.<br />Исполнительский сбор: 1000.00 руб.<br />', '[\"СЛОБОДЧИКОВ МИХАИЛ ЛЕОНИДОВИЧ<br>24.12.1985<br>ОМСКАЯ ОБЛ., Г. ОМСК\", \"32051/23/37004-ИП от 06.03.2023<br>32051/23/37004-СД\", \"Акт по делу об административном правонарушении от 24.11.2022 № 220206007<br />Постановление о взыскании исполнительского сбора<br />ОМВД РОССИИ ПО ОКТЯБРЬСКОМУ РАЙОНУ Г. ИВАНОВО<br />3729017713\", \"\", \"Иной штраф ОВД: 500.00 руб.<br />Исполнительский сбор: 1000.00 руб.<br />\", \"Фрунзенское РОСП г. Иваново<br>153000, Россия, Ивановская обл., , г. Иваново, , ул. Багаева, д. 27, ,\", \"НОВИКОВ Ю. В.<br><b>+74932482650</b>\"]', 0, '2024-02-29 17:06:14', '2024-02-29 17:06:14'),
(11, NULL, 'СТУПИНСКАЯ УПРАВЛЯЮЩАЯ КОМПАНИЯ ООО', NULL, '', '11500', '[\"\\u0421\\u0422\\u0423\\u041f\\u0418\\u041d\\u0421\\u041a\\u0410\\u042f \\u0423\\u041f\\u0420\\u0410\\u0412\\u041b\\u042f\\u042e\\u0429\\u0410\\u042f \\u041a\\u041e\\u041c\\u041f\\u0410\\u041d\\u0418\\u042f \\u041e\\u041e\\u041e 1065045010139,<br>142803,50, \\u0421\\u0422\\u0423\\u041f\\u0418\\u041d\\u041e, \\u041a\\u0423\\u0419\\u0411\\u042b\\u0428\\u0415\\u0412\\u0410, 61\\u0411,1,<br>5045037948\",\"117662\\/23\\/50041-\\u0418\\u041f \\u043e\\u0442 25.10.2023\",\"\\u0410\\u043a\\u0442 \\u043f\\u043e \\u0434\\u0435\\u043b\\u0443 \\u043e\\u0431 \\u0430\\u0434\\u043c\\u0438\\u043d\\u0438\\u0441\\u0442\\u0440\\u0430\\u0442\\u0438\\u0432\\u043d\\u043e\\u043c \\u043f\\u0440\\u0430\\u0432\\u043e\\u043d\\u0430\\u0440\\u0443\\u0448\\u0435\\u043d\\u0438\\u0438 \\u043e\\u0442 16.07.2023 \\u2116 18810550230716898443<br \\/>\\u041f\\u043e\\u0441\\u0442\\u0430\\u043d\\u043e\\u0432\\u043b\\u0435\\u043d\\u0438\\u0435 \\u043e \\u0432\\u0437\\u044b\\u0441\\u043a\\u0430\\u043d\\u0438\\u0438 \\u0438\\u0441\\u043f\\u043e\\u043b\\u043d\\u0438\\u0442\\u0435\\u043b\\u044c\\u0441\\u043a\\u043e\\u0433\\u043e \\u0441\\u0431\\u043e\\u0440\\u0430<br \\/>\\u0426\\u0415\\u041d\\u0422\\u0420 \\u0412\\u0418\\u0414\\u0415\\u041e\\u0424\\u0418\\u041a\\u0421\\u0410\\u0426\\u0418\\u0418 \\u0413\\u0418\\u0411\\u0414\\u0414 \\u0413\\u0423 \\u041c\\u0412\\u0414 \\u0420\\u041e\\u0421\\u0421\\u0418\\u0418 \\u041f\\u041e \\u041c\\u041e\\u0421\\u041a\\u041e\\u0412\\u0421\\u041a\\u041e\\u0419 \\u041e\\u0411\\u041b\\u0410\\u0421\\u0422\\u0418<br \\/>7703037039\",\"\",\"\\u0428\\u0442\\u0440\\u0430\\u0444 \\u0413\\u0418\\u0411\\u0414\\u0414: 1500.00 \\u0440\\u0443\\u0431.<br \\/>\\u0418\\u0441\\u043f\\u043e\\u043b\\u043d\\u0438\\u0442\\u0435\\u043b\\u044c\\u0441\\u043a\\u0438\\u0439 \\u0441\\u0431\\u043e\\u0440: 10000.00 \\u0440\\u0443\\u0431.<br \\/>\",\"\\u0421\\u0442\\u0443\\u043f\\u0438\\u043d\\u0441\\u043a\\u043e\\u0435 \\u0420\\u041e\\u0421\\u041f<br>142800, \\u041c\\u043e\\u0441\\u043a\\u043e\\u0432\\u0441\\u043a\\u0430\\u044f \\u043e\\u0431\\u043b\\u0430\\u0441\\u0442\\u044c, \\u0433.\\u0421\\u0442\\u0443\\u043f\\u0438\\u043d\\u043e, \\u0443\\u043b.\\u0427\\u0430\\u0439\\u043a\\u043e\\u0432\\u0441\\u043a\\u043e\\u0433\\u043e, \\u0434.18\\/12\",\"\\u041d\\u0415\\u0424\\u0415\\u0414\\u041e\\u0412\\u0410 \\u041d. \\u0421.<br><b><\\/b>\"]', 0, '2024-03-13 09:56:13', '2024-03-13 09:56:13'),
(12, '2-3540/2021', 'СЛОБОДЧИКОВ МИХАИЛ ЛЕОНИДОВИЧ', NULL, '14.12.2022<br />ст. 46<br />ч. 1<br />п. 4', '4073.55', '[\"\\u0421\\u041b\\u041e\\u0411\\u041e\\u0414\\u0427\\u0418\\u041a\\u041e\\u0412 \\u041c\\u0418\\u0425\\u0410\\u0418\\u041b \\u041b\\u0415\\u041e\\u041d\\u0418\\u0414\\u041e\\u0412\\u0418\\u0427<br>24.12.1985<br>\\u041e\\u041c\\u0421\\u041a\\u0410\\u042f \\u041e\\u0411\\u041b., \\u0413. \\u041e\\u041c\\u0421\\u041a\",\"75923\\/22\\/37004-\\u0418\\u041f \\u043e\\u0442 01.08.2022\",\"\\u0421\\u0443\\u0434\\u0435\\u0431\\u043d\\u044b\\u0439 \\u043f\\u0440\\u0438\\u043a\\u0430\\u0437 \\u043e\\u0442 19.11.2021 \\u2116 2-3540\\/2021<br \\/>\\u0421\\u0423\\u0414\\u0415\\u0411\\u041d\\u042b\\u0419 \\u0423\\u0427\\u0410\\u0421\\u0422\\u041e\\u041a \\u2116 5 \\u0424\\u0420\\u0423\\u041d\\u0417\\u0415\\u041d\\u0421\\u041a\\u041e\\u0413\\u041e \\u0421\\u0423\\u0414\\u0415\\u0411\\u041d\\u041e\\u0413\\u041e \\u0420\\u0410\\u0419\\u041e\\u041d\\u0410 \\u0413. \\u0418\\u0412\\u0410\\u041d\\u041e\\u0412\\u0410<br \\/>2723115222\",\"14.12.2022<br \\/>\\u0441\\u0442. 46<br \\/>\\u0447. 1<br \\/>\\u043f. 4\",\"\\u0417\\u0430\\u0434\\u043e\\u043b\\u0436\\u0435\\u043d\\u043d\\u043e\\u0441\\u0442\\u044c \\u043f\\u043e \\u043a\\u0440\\u0435\\u0434\\u0438\\u0442\\u043d\\u044b\\u043c \\u043f\\u043b\\u0430\\u0442\\u0435\\u0436\\u0430\\u043c (\\u043a\\u0440\\u043e\\u043c\\u0435 \\u0438\\u043f\\u043e\\u0442\\u0435\\u043a\\u0438)<br \\/><br \\/>\\u041e\\u0431\\u0449\\u0430\\u044f \\u0441\\u0443\\u043c\\u043c\\u0430 \\u0437\\u0430\\u0434\\u043e\\u043b\\u0436\\u0435\\u043d\\u043d\\u043e\\u0441\\u0442\\u0438: 4073.55 \\u0440\\u0443\\u0431.\",\"\\u0424\\u0440\\u0443\\u043d\\u0437\\u0435\\u043d\\u0441\\u043a\\u043e\\u0435 \\u0420\\u041e\\u0421\\u041f \\u0433. \\u0418\\u0432\\u0430\\u043d\\u043e\\u0432\\u043e<br>153000, \\u0420\\u043e\\u0441\\u0441\\u0438\\u044f, \\u0418\\u0432\\u0430\\u043d\\u043e\\u0432\\u0441\\u043a\\u0430\\u044f \\u043e\\u0431\\u043b., , \\u0433. \\u0418\\u0432\\u0430\\u043d\\u043e\\u0432\\u043e, , \\u0443\\u043b. \\u0411\\u0430\\u0433\\u0430\\u0435\\u0432\\u0430, \\u0434. 27, ,\",\"\\u041d\\u041e\\u0412\\u0418\\u041a\\u041e\\u0412 \\u042e. \\u0412.<br><b>+74932482650<\\/b>\"]', 0, '2024-03-13 11:13:51', '2024-03-13 11:13:51'),
(13, '2-2545/22', 'СЛОБОДЧИКОВ МИХАИЛ ЛЕОНИДОВИЧ', NULL, '', '81560.75', '[\"\\u0421\\u041b\\u041e\\u0411\\u041e\\u0414\\u0427\\u0418\\u041a\\u041e\\u0412 \\u041c\\u0418\\u0425\\u0410\\u0418\\u041b \\u041b\\u0415\\u041e\\u041d\\u0418\\u0414\\u041e\\u0412\\u0418\\u0427<br>24.12.1985<br>\\u041e\\u041c\\u0421\\u041a\\u0410\\u042f \\u041e\\u0411\\u041b., \\u0413. \\u041e\\u041c\\u0421\\u041a\",\"25629\\/24\\/37004-\\u0418\\u041f \\u043e\\u0442 05.02.2024\",\"\\u0421\\u0443\\u0434\\u0435\\u0431\\u043d\\u044b\\u0439 \\u043f\\u0440\\u0438\\u043a\\u0430\\u0437 \\u043e\\u0442 16.09.2022 \\u2116 2-2545\\/22<br \\/>\\u041f\\u043e\\u0441\\u0442\\u0430\\u043d\\u043e\\u0432\\u043b\\u0435\\u043d\\u0438\\u0435 \\u043e \\u0432\\u0437\\u044b\\u0441\\u043a\\u0430\\u043d\\u0438\\u0438 \\u0438\\u0441\\u043f\\u043e\\u043b\\u043d\\u0438\\u0442\\u0435\\u043b\\u044c\\u0441\\u043a\\u043e\\u0433\\u043e \\u0441\\u0431\\u043e\\u0440\\u0430<br \\/>\\u0421\\u0423\\u0414\\u0415\\u0411\\u041d\\u042b\\u0419 \\u0423\\u0427\\u0410\\u0421\\u0422\\u041e\\u041a \\u2116 5 \\u0424\\u0420\\u0423\\u041d\\u0417\\u0415\\u041d\\u0421\\u041a\\u041e\\u0413\\u041e \\u0421\\u0423\\u0414\\u0415\\u0411\\u041d\\u041e\\u0413\\u041e \\u0420\\u0410\\u0419\\u041e\\u041d\\u0410 \\u0413. \\u0418\\u0412\\u0410\\u041d\\u041e\\u0412\\u0410<br \\/>7730233723\",\"\",\"\\u0418\\u043d\\u044b\\u0435 \\u0432\\u0437\\u044b\\u0441\\u043a\\u0430\\u043d\\u0438\\u044f \\u0438\\u043c\\u0443\\u0449\\u0435\\u0441\\u0442\\u0432\\u0435\\u043d\\u043d\\u043e\\u0433\\u043e \\u0445\\u0430\\u0440\\u0430\\u043a\\u0442\\u0435\\u0440\\u0430 \\u0432 \\u043f\\u043e\\u043b\\u044c\\u0437\\u0443 \\u0444\\u0438\\u0437\\u0438\\u0447\\u0435\\u0441\\u043a\\u0438\\u0445 \\u0438 \\u044e\\u0440\\u0438\\u0434\\u0438\\u0447\\u0435\\u0441\\u043a\\u0438\\u0445 \\u043b\\u0438\\u0446: 76225.00 \\u0440\\u0443\\u0431.<br \\/>\\u0418\\u0441\\u043f\\u043e\\u043b\\u043d\\u0438\\u0442\\u0435\\u043b\\u044c\\u0441\\u043a\\u0438\\u0439 \\u0441\\u0431\\u043e\\u0440: 5335.75 \\u0440\\u0443\\u0431.<br \\/>\",\"\\u0424\\u0440\\u0443\\u043d\\u0437\\u0435\\u043d\\u0441\\u043a\\u043e\\u0435 \\u0420\\u041e\\u0421\\u041f \\u0433. \\u0418\\u0432\\u0430\\u043d\\u043e\\u0432\\u043e<br>153000, \\u0420\\u043e\\u0441\\u0441\\u0438\\u044f, \\u0418\\u0432\\u0430\\u043d\\u043e\\u0432\\u0441\\u043a\\u0430\\u044f \\u043e\\u0431\\u043b., , \\u0433. \\u0418\\u0432\\u0430\\u043d\\u043e\\u0432\\u043e, , \\u0443\\u043b. \\u0411\\u0430\\u0433\\u0430\\u0435\\u0432\\u0430, \\u0434. 27, ,\",\"\\u041d\\u041e\\u0412\\u0418\\u041a\\u041e\\u0412 \\u042e. \\u0412.<br><b>+74932482650<\\/b>\"]', 0, '2024-03-19 09:40:14', '2024-03-19 09:40:14'),
(14, '220206007', 'СЛОБОДЧИКОВ МИХАИЛ ЛЕОНИДОВИЧ', NULL, '', '1500', '[\"\\u0421\\u041b\\u041e\\u0411\\u041e\\u0414\\u0427\\u0418\\u041a\\u041e\\u0412 \\u041c\\u0418\\u0425\\u0410\\u0418\\u041b \\u041b\\u0415\\u041e\\u041d\\u0418\\u0414\\u041e\\u0412\\u0418\\u0427<br>24.12.1985<br>\\u041e\\u041c\\u0421\\u041a\\u0410\\u042f \\u041e\\u0411\\u041b., \\u0413. \\u041e\\u041c\\u0421\\u041a\",\"32051\\/23\\/37004-\\u0418\\u041f \\u043e\\u0442 06.03.2023<br>32051\\/23\\/37004-\\u0421\\u0414\",\"\\u0410\\u043a\\u0442 \\u043f\\u043e \\u0434\\u0435\\u043b\\u0443 \\u043e\\u0431 \\u0430\\u0434\\u043c\\u0438\\u043d\\u0438\\u0441\\u0442\\u0440\\u0430\\u0442\\u0438\\u0432\\u043d\\u043e\\u043c \\u043f\\u0440\\u0430\\u0432\\u043e\\u043d\\u0430\\u0440\\u0443\\u0448\\u0435\\u043d\\u0438\\u0438 \\u043e\\u0442 24.11.2022 \\u2116 220206007<br \\/>\\u041f\\u043e\\u0441\\u0442\\u0430\\u043d\\u043e\\u0432\\u043b\\u0435\\u043d\\u0438\\u0435 \\u043e \\u0432\\u0437\\u044b\\u0441\\u043a\\u0430\\u043d\\u0438\\u0438 \\u0438\\u0441\\u043f\\u043e\\u043b\\u043d\\u0438\\u0442\\u0435\\u043b\\u044c\\u0441\\u043a\\u043e\\u0433\\u043e \\u0441\\u0431\\u043e\\u0440\\u0430<br \\/>\\u041e\\u041c\\u0412\\u0414 \\u0420\\u041e\\u0421\\u0421\\u0418\\u0418 \\u041f\\u041e \\u041e\\u041a\\u0422\\u042f\\u0411\\u0420\\u042c\\u0421\\u041a\\u041e\\u041c\\u0423 \\u0420\\u0410\\u0419\\u041e\\u041d\\u0423 \\u0413. \\u0418\\u0412\\u0410\\u041d\\u041e\\u0412\\u041e<br \\/>3729017713\",\"\",\"\\u0418\\u043d\\u043e\\u0439 \\u0448\\u0442\\u0440\\u0430\\u0444 \\u041e\\u0412\\u0414: 500.00 \\u0440\\u0443\\u0431.<br \\/>\\u0418\\u0441\\u043f\\u043e\\u043b\\u043d\\u0438\\u0442\\u0435\\u043b\\u044c\\u0441\\u043a\\u0438\\u0439 \\u0441\\u0431\\u043e\\u0440: 1000.00 \\u0440\\u0443\\u0431.<br \\/>\",\"\\u0424\\u0440\\u0443\\u043d\\u0437\\u0435\\u043d\\u0441\\u043a\\u043e\\u0435 \\u0420\\u041e\\u0421\\u041f \\u0433. \\u0418\\u0432\\u0430\\u043d\\u043e\\u0432\\u043e<br>153000, \\u0420\\u043e\\u0441\\u0441\\u0438\\u044f, \\u0418\\u0432\\u0430\\u043d\\u043e\\u0432\\u0441\\u043a\\u0430\\u044f \\u043e\\u0431\\u043b., , \\u0433. \\u0418\\u0432\\u0430\\u043d\\u043e\\u0432\\u043e, , \\u0443\\u043b. \\u0411\\u0430\\u0433\\u0430\\u0435\\u0432\\u0430, \\u0434. 27, ,\",\"\\u041d\\u041e\\u0412\\u0418\\u041a\\u041e\\u0412 \\u042e. \\u0412.<br><b>+74932482650<\\/b>\"]', 0, '2024-03-19 09:41:18', '2024-03-19 09:41:18');

-- --------------------------------------------------------

--
-- Структура таблицы `logs`
--

CREATE TABLE `logs` (
  `id` int(11) NOT NULL,
  `hash` varchar(32) COLLATE utf8mb4_unicode_ci NOT NULL,
  `message` varchar(1000) COLLATE utf8mb4_unicode_ci NOT NULL,
  `created_at` datetime NOT NULL,
  `updated_at` datetime NOT NULL
) ENGINE=InnoDB DEFAULT CHARSET=utf8mb4 COLLATE=utf8mb4_unicode_ci;

--
-- Дамп данных таблицы `logs`
--

INSERT INTO `logs` (`id`, `hash`, `message`, `created_at`, `updated_at`) VALUES
(1, 'ef240748f051276d46e71fc05343b792', 'Ну удалось скачать файл для сообщения id=21 имя файла Адресная справка.pdf', '2024-04-17 12:59:39', '2024-04-17 12:59:39'),
(2, 'f1629ca2597bbc4123ccdf5b4782912c', 'Ну удалось скачать файл для сообщения id=25 имя файла Адресная справка.pdf', '2024-04-17 12:59:42', '2024-04-17 12:59:42'),
(3, '79f5427c34ef6b704ff7cdb2641616ce', 'Ну удалось скачать файл для сообщения id=26 имя файла Адресная справка.pdf', '2024-04-17 12:59:43', '2024-04-17 12:59:43'),
(4, '1e54688d53f2dcf66ef8d1591920a414', 'Ну удалось скачать файл для сообщения id=108 имя файла Антонова решение.pdf', '2024-04-17 13:00:59', '2024-04-17 13:00:59'),
(5, '949007e86678e93be79865ff7db973cb', 'Ну удалось скачать файл для сообщения id=109 имя файла 18810577230553530167 Антонова решение.pdf', '2024-04-17 13:00:59', '2024-04-17 13:00:59'),
(6, '80488d7fe0009385fa88528574f4f570', 'Ну удалось скачать файл для сообщения id=110 имя файла 18810577230553469336 Антонова решение.pdf', '2024-04-17 13:01:00', '2024-04-17 13:01:00'),
(7, '86a04e3af2701b0e7a12c9abb6890b63', 'Ну удалось скачать файл для сообщения id=736 имя файла Адресная справка.pdf', '2024-04-17 14:28:47', '2024-04-17 14:28:47'),
(8, '47f08f6024f6666e0680aa5e4044155b', 'Ну удалось скачать файл для сообщения id=740 имя файла Адресная справка.pdf', '2024-04-17 14:28:49', '2024-04-17 14:28:49'),
(9, '0f6922a1a33dfe4636fa0e2ef1f23c52', 'Ну удалось скачать файл для сообщения id=741 имя файла Адресная справка.pdf', '2024-04-17 14:28:49', '2024-04-17 14:28:49'),
(10, '187c5ab16ccce2dc4b45cc570895b8d4', 'Ну удалось скачать файл для сообщения id=823 имя файла Антонова решение.pdf', '2024-04-17 14:29:48', '2024-04-17 14:29:48'),
(11, '318c3dd4836124660a18ea7686a2ba25', 'Ну удалось скачать файл для сообщения id=824 имя файла 18810577230553530167 Антонова решение.pdf', '2024-04-17 14:29:49', '2024-04-17 14:29:49'),
(12, 'b5ee25ce9d6ee918efdf025f3e777d52', 'Ну удалось скачать файл для сообщения id=825 имя файла 18810577230553469336 Антонова решение.pdf', '2024-04-17 14:29:50', '2024-04-17 14:29:50');

-- --------------------------------------------------------

--
-- Структура таблицы `log_searches`
--

CREATE TABLE `log_searches` (
  `id` bigint(20) UNSIGNED NOT NULL,
  `status` varchar(255) COLLATE utf8mb4_unicode_ci NOT NULL DEFAULT 'Ошибка',
  `code` int(11) DEFAULT NULL,
  `message` varchar(255) COLLATE utf8mb4_unicode_ci DEFAULT NULL,
  `time` timestamp NOT NULL
) ENGINE=InnoDB DEFAULT CHARSET=utf8mb4 COLLATE=utf8mb4_unicode_ci;

--
-- Дамп данных таблицы `log_searches`
--

INSERT INTO `log_searches` (`id`, `status`, `code`, `message`, `time`) VALUES
(978, 'Начало поиска', NULL, NULL, '2024-02-25 18:21:49'),
(979, 'Ошибка', 301, 'fssp response result->data is NULL', '2024-02-25 18:21:55'),
(980, 'Начало поиска', NULL, NULL, '2024-02-25 18:23:10'),
(981, 'Начало поиска', NULL, NULL, '2024-02-25 18:24:29'),
(982, 'Ошибка', 704, 'fssp ddos defender', '2024-02-25 18:24:32'),
(983, 'Конец поиска', 704, 'fssp ddos defender', '2024-02-25 18:24:32'),
(984, 'Начало поиска', NULL, NULL, '2024-02-25 18:25:52'),
(985, 'Ошибка', 704, 'fssp ddos defender', '2024-02-25 18:25:55'),
(986, 'Конец поиска', 704, 'fssp ddos defender', '2024-02-25 18:25:56'),
(987, 'Начало поиска', NULL, NULL, '2024-02-25 18:27:04'),
(988, 'Ошибка', 704, 'fssp ddos defender', '2024-02-25 18:27:07'),
(989, 'Конец поиска', 704, 'fssp ddos defender', '2024-02-25 18:27:07'),
(990, 'Начало поиска', NULL, NULL, '2024-02-25 18:28:04'),
(991, 'Ошибка', 704, 'fssp ddos defender', '2024-02-25 18:28:08'),
(992, 'Конец поиска', 704, 'fssp ddos defender', '2024-02-25 18:28:08'),
(993, 'Начало поиска', NULL, NULL, '2024-02-25 18:41:23'),
(994, 'Ошибка', 301, 'fssp response result->data is NULL', '2024-02-25 18:41:38'),
(995, 'Начало поиска', NULL, NULL, '2024-02-27 13:47:37'),
(996, 'Конец поиска', 200, 'Запрос прошел успешно', '2024-02-27 13:47:48'),
(997, 'Начало поиска', NULL, NULL, '2024-02-27 13:59:48'),
(998, 'Ошибка', 706, 'connection limit exceeded', '2024-02-27 13:59:51'),
(999, 'Конец поиска', NULL, NULL, '2024-02-27 13:59:51'),
(1000, 'Начало поиска', NULL, NULL, '2024-02-27 14:00:06'),
(1001, 'Конец поиска', NULL, NULL, '2024-02-27 14:00:10'),
(1002, 'Начало поиска', NULL, NULL, '2024-02-27 14:00:25'),
(1003, 'Ошибка', 301, 'fssp response result->data is NULL', '2024-02-27 14:01:43'),
(1004, 'Начало поиска', NULL, NULL, '2024-02-27 14:13:16'),
(1005, 'Ошибка', 706, 'connection limit exceeded', '2024-02-27 14:13:18'),
(1006, 'Конец поиска', NULL, NULL, '2024-02-27 14:13:18'),
(1007, 'Начало поиска', NULL, NULL, '2024-02-27 14:13:34'),
(1008, 'Ошибка', 706, 'connection limit exceeded', '2024-02-27 14:13:36'),
(1009, 'Конец поиска', NULL, NULL, '2024-02-27 14:13:36'),
(1010, 'Начало поиска', NULL, NULL, '2024-02-27 14:13:52'),
(1011, 'Конец поиска', NULL, NULL, '2024-02-27 14:13:56'),
(1012, 'Начало поиска', NULL, NULL, '2024-02-27 14:14:12'),
(1013, 'Конец поиска', NULL, NULL, '2024-02-27 14:14:15'),
(1014, 'Начало поиска', NULL, NULL, '2024-02-27 14:14:31'),
(1015, 'Конец поиска', NULL, NULL, '2024-02-27 14:14:34'),
(1016, 'Начало поиска', NULL, NULL, '2024-02-27 14:32:14'),
(1017, 'Ошибка', 706, 'connection limit exceeded', '2024-02-27 14:32:17'),
(1018, 'Конец поиска', NULL, NULL, '2024-02-27 14:32:17'),
(1019, 'Начало поиска', NULL, NULL, '2024-02-27 14:32:32'),
(1020, 'Ошибка', 706, 'connection limit exceeded', '2024-02-27 14:32:34'),
(1021, 'Конец поиска', NULL, NULL, '2024-02-27 14:32:34'),
(1022, 'Начало поиска', NULL, NULL, '2024-02-27 14:32:50'),
(1023, 'Ошибка', 706, 'connection limit exceeded', '2024-02-27 14:32:52'),
(1024, 'Конец поиска', NULL, NULL, '2024-02-27 14:32:52'),
(1025, 'Начало поиска', NULL, NULL, '2024-02-27 14:33:07'),
(1026, 'Ошибка', 706, 'connection limit exceeded', '2024-02-27 14:33:09'),
(1027, 'Конец поиска', NULL, NULL, '2024-02-27 14:33:10'),
(1028, 'Начало поиска', NULL, NULL, '2024-02-27 14:33:25'),
(1029, 'Конец поиска', NULL, NULL, '2024-02-27 14:33:30'),
(1030, 'Начало поиска', NULL, NULL, '2024-02-27 14:35:18'),
(1031, 'Конец поиска', NULL, NULL, '2024-02-27 14:35:21'),
(1032, 'Начало поиска', NULL, NULL, '2024-02-27 14:35:37'),
(1033, 'Конец поиска', NULL, NULL, '2024-02-27 14:35:40'),
(1034, 'Начало поиска', NULL, NULL, '2024-02-27 14:35:55'),
(1035, 'Ошибка', 706, 'connection limit exceeded', '2024-02-27 14:35:57'),
(1036, 'Конец поиска', NULL, NULL, '2024-02-27 14:35:57'),
(1037, 'Начало поиска', NULL, NULL, '2024-02-27 14:36:13'),
(1038, 'Конец поиска', NULL, NULL, '2024-02-27 14:36:16'),
(1039, 'Начало поиска', NULL, NULL, '2024-02-27 14:36:32'),
(1040, 'Конец поиска', NULL, NULL, '2024-02-27 14:36:36'),
(1041, 'Ошибка', 706, 'connection limit exceeded', '2024-02-27 15:48:11'),
(1042, 'Ошибка', 706, 'connection limit exceeded', '2024-02-27 15:48:47'),
(1043, 'Ошибка', 706, 'connection limit exceeded', '2024-02-27 15:51:08'),
(1044, 'Ошибка', 706, 'connection limit exceeded', '2024-02-27 15:51:25'),
(1045, 'Ошибка', 706, 'connection limit exceeded', '2024-02-27 15:52:31'),
(1046, 'Ошибка', 706, 'connection limit exceeded', '2024-02-27 15:52:48'),
(1047, 'Ошибка', 706, 'connection limit exceeded', '2024-02-27 15:53:27'),
(1048, 'Ошибка', 706, 'connection limit exceeded', '2024-02-27 16:03:10'),
(1049, 'Ошибка', 706, 'connection limit exceeded', '2024-02-27 16:04:03'),
(1050, 'Ошибка', 706, 'connection limit exceeded', '2024-02-27 16:04:15'),
(1051, 'Ошибка', 706, 'connection limit exceeded', '2024-02-27 16:08:34'),
(1052, 'Ошибка', 706, 'connection limit exceeded', '2024-02-27 16:12:31'),
(1053, 'Ошибка', 706, 'connection limit exceeded', '2024-02-27 16:16:32'),
(1054, 'Ошибка', 706, 'connection limit exceeded', '2024-02-27 16:17:45'),
(1055, 'Ошибка', 706, 'connection limit exceeded', '2024-02-27 16:18:11'),
(1056, 'Ошибка', 706, 'connection limit exceeded', '2024-02-27 16:20:39'),
(1057, 'Ошибка', 706, 'connection limit exceeded', '2024-02-27 16:22:06'),
(1058, 'Ошибка', 706, 'connection limit exceeded', '2024-02-27 16:32:55'),
(1059, 'Ошибка', 706, 'connection limit exceeded', '2024-02-27 16:33:25'),
(1060, 'Ошибка', 706, 'connection limit exceeded', '2024-02-28 16:24:07'),
(1061, 'Ошибка', 706, 'connection limit exceeded', '2024-02-28 16:24:27'),
(1062, 'Ошибка', 706, 'connection limit exceeded', '2024-02-29 13:06:34'),
(1063, 'Ошибка', 301, 'fssp response result->data is NULL', '2024-02-29 13:15:34'),
(1064, 'Ошибка', 905, 'catch breakpoint', '2024-02-29 13:15:34'),
(1065, 'Ошибка', 301, 'fssp response result->data is NULL', '2024-02-29 13:18:32'),
(1066, 'Ошибка', 905, 'catch breakpoint', '2024-02-29 13:18:32'),
(1067, 'Ошибка', 706, 'connection limit exceeded', '2024-02-29 13:25:42'),
(1068, 'Ошибка', 706, 'connection limit exceeded', '2024-02-29 13:43:23'),
(1069, 'Ошибка', 706, 'connection limit exceeded', '2024-02-29 13:43:27'),
(1070, 'Ошибка', 701, 'invalid product_key', '2024-02-29 13:43:29'),
(1071, 'Ошибка', 706, 'connection limit exceeded', '2024-02-29 14:17:35'),
(1072, 'Ошибка', 302, 'Service Temporarily Unavailable', '2024-02-29 14:17:52'),
(1073, 'Ошибка', 706, 'connection limit exceeded', '2024-02-29 14:18:00'),
(1074, 'Ошибка', 706, 'connection limit exceeded', '2024-02-29 14:18:04'),
(1075, 'Ошибка', 302, 'Service Temporarily Unavailable', '2024-02-29 14:20:03'),
(1076, 'Ошибка', 706, 'connection limit exceeded', '2024-02-29 14:20:07'),
(1077, 'Ошибка', 706, 'connection limit exceeded', '2024-02-29 14:20:11'),
(1078, 'Ошибка', 706, 'connection limit exceeded', '2024-02-29 14:21:21'),
(1079, 'Ошибка', 706, 'connection limit exceeded', '2024-02-29 14:22:07'),
(1080, 'Ошибка', 706, 'connection limit exceeded', '2024-02-29 14:22:25'),
(1081, 'Ошибка', 301, 'fssp response result->data is NULL', '2024-02-29 14:22:59'),
(1082, 'Ошибка', 905, 'catch breakpoint', '2024-02-29 14:22:59'),
(1083, 'Ошибка', 301, 'fssp response result->data is NULL', '2024-02-29 14:23:17'),
(1084, 'Ошибка', 905, 'catch breakpoint', '2024-02-29 14:23:17'),
(1085, 'Ошибка', 301, 'fssp response result->data is NULL', '2024-02-29 14:23:35'),
(1086, 'Ошибка', 905, 'catch breakpoint', '2024-02-29 14:23:35'),
(1087, 'Ошибка', 301, 'fssp response result->data is NULL', '2024-02-29 14:23:55'),
(1088, 'Ошибка', 905, 'catch breakpoint', '2024-02-29 14:23:55'),
(1089, 'Ошибка', 301, 'fssp response result->data is NULL', '2024-02-29 14:24:15'),
(1090, 'Ошибка', 905, 'catch breakpoint', '2024-02-29 14:24:15'),
(1091, 'Ошибка', 301, 'fssp response result->data is NULL', '2024-02-29 14:43:18'),
(1092, 'Ошибка', 905, 'catch breakpoint', '2024-02-29 14:43:18'),
(1093, 'Ошибка', 301, 'fssp response result->data is NULL', '2024-02-29 14:43:52'),
(1094, 'Ошибка', 905, 'catch breakpoint', '2024-02-29 14:43:52'),
(1095, 'Ошибка', 301, 'fssp response result->data is NULL', '2024-02-29 14:44:11'),
(1096, 'Ошибка', 905, 'catch breakpoint', '2024-02-29 14:44:11'),
(1097, 'Ошибка', 301, 'fssp response result->data is NULL', '2024-02-29 14:44:30'),
(1098, 'Ошибка', 905, 'catch breakpoint', '2024-02-29 14:44:30'),
(1099, 'Ошибка', 301, 'fssp response result->data is NULL', '2024-02-29 14:44:47'),
(1100, 'Ошибка', 905, 'catch breakpoint', '2024-02-29 14:44:47'),
(1101, 'Ошибка', 301, 'fssp response result->data is NULL', '2024-02-29 14:45:05'),
(1102, 'Ошибка', 905, 'catch breakpoint', '2024-02-29 14:45:05'),
(1103, 'Ошибка', 301, 'fssp response result->data is NULL', '2024-02-29 15:51:05'),
(1104, 'Ошибка', 905, 'catch breakpoint', '2024-02-29 15:51:05'),
(1105, 'Ошибка', 706, 'connection limit exceeded', '2024-02-29 17:04:25'),
(1106, 'Ошибка', 706, 'connection limit exceeded', '2024-02-29 17:06:32'),
(1107, 'Ошибка', 706, 'connection limit exceeded', '2024-02-29 17:06:50'),
(1108, 'Ошибка', 706, 'connection limit exceeded', '2024-02-29 17:07:07'),
(1109, 'Ошибка', 706, 'connection limit exceeded', '2024-03-01 20:31:30'),
(1110, 'Ошибка', 706, 'connection limit exceeded', '2024-03-03 15:32:56'),
(1111, 'Ошибка', 706, 'connection limit exceeded', '2024-03-03 15:35:08'),
(1112, 'Ошибка', 706, 'connection limit exceeded', '2024-03-03 15:36:41'),
(1113, 'Ошибка', 705, 'fssp long request', '2024-03-03 15:37:00'),
(1114, 'Ошибка', 706, 'connection limit exceeded', '2024-03-03 15:37:18'),
(1115, 'Ошибка', 301, 'fssp response result->data is NULL', '2024-03-03 15:38:37'),
(1116, 'Ошибка', 905, 'catch breakpoint', '2024-03-03 15:38:39'),
(1117, 'Ошибка', 301, 'fssp response result->data is NULL', '2024-03-03 15:39:58'),
(1118, 'Ошибка', 905, 'catch breakpoint', '2024-03-03 15:40:00'),
(1119, 'Ошибка', 706, 'connection limit exceeded', '2024-03-07 15:51:05'),
(1120, 'Ошибка', 706, 'connection limit exceeded', '2024-03-07 15:51:34'),
(1121, 'Ошибка', 301, 'fssp response result->data is NULL', '2024-03-07 19:38:28'),
(1122, 'Ошибка', 302, 'Service Temporarily Unavailable', '2024-03-11 15:57:52'),
(1123, 'Ошибка', 705, 'fssp long request', '2024-03-12 07:03:38'),
(1124, 'Ошибка', 301, 'fssp response result->data is NULL', '2024-03-12 07:04:30'),
(1125, 'Ошибка', 905, 'catch breakpoint', '2024-03-12 07:04:30'),
(1126, 'Ошибка', 301, 'fssp response result->data is NULL', '2024-03-12 07:34:30'),
(1127, 'Ошибка', 905, 'catch breakpoint', '2024-03-12 07:34:30'),
(1128, 'Ошибка', 301, 'fssp response result->data is NULL', '2024-03-13 10:42:25'),
(1129, 'Ошибка', 905, 'catch breakpoint', '2024-03-13 10:42:25'),
(1130, 'Ошибка', 705, 'fssp long request', '2024-03-13 10:50:25'),
(1131, 'Ошибка', 404, 'fssp response not found', '2024-03-13 10:51:17'),
(1132, 'Ошибка', 905, 'catch breakpoint', '2024-03-13 10:51:17'),
(1133, 'Ошибка', 404, 'fssp response not found', '2024-03-13 10:52:12'),
(1134, 'Ошибка', 905, 'catch breakpoint', '2024-03-13 10:52:12'),
(1135, 'Ошибка', 404, 'fssp response not found', '2024-03-13 10:55:27'),
(1136, 'Ошибка', 905, 'catch breakpoint', '2024-03-13 10:55:27'),
(1137, 'Ошибка', 302, 'Service Temporarily Unavailable', '2024-03-13 11:16:36'),
(1138, 'Ошибка', 302, 'Service Temporarily Unavailable', '2024-03-13 11:17:26'),
(1139, 'Ошибка', 302, 'Service Temporarily Unavailable', '2024-03-13 11:22:11'),
(1140, 'Ошибка', 302, 'Service Temporarily Unavailable', '2024-03-13 11:22:32'),
(1141, 'Ошибка', 302, 'Service Temporarily Unavailable', '2024-03-13 11:22:48'),
(1142, 'Ошибка', 302, 'Service Temporarily Unavailable', '2024-03-13 11:24:15'),
(1143, 'Ошибка', 703, 'invalid call_back_label', '2024-03-27 06:01:10'),
(1144, 'Ошибка', 703, 'invalid call_back_label', '2024-03-28 02:39:24'),
(1145, 'Ошибка', 706, 'connection limit exceeded', '2024-03-28 11:04:21'),
(1146, 'Ошибка', 404, 'fssp response not found', '2024-03-28 11:20:24'),
(1147, 'Ошибка', 905, 'catch breakpoint', '2024-03-28 11:20:24'),
(1148, 'Ошибка', 404, 'fssp response not found', '2024-03-28 11:21:12'),
(1149, 'Ошибка', 905, 'catch breakpoint', '2024-03-28 11:21:12'),
(1150, 'Ошибка', 404, 'fssp response not found', '2024-03-28 11:23:24'),
(1151, 'Ошибка', 905, 'catch breakpoint', '2024-03-28 11:23:24'),
(1152, 'Ошибка', 404, 'fssp response not found', '2024-03-28 11:27:30'),
(1153, 'Ошибка', 905, 'catch breakpoint', '2024-03-28 11:27:30'),
(1154, 'Ошибка', 404, 'fssp response not found', '2024-03-29 04:07:23'),
(1155, 'Ошибка', 905, 'catch breakpoint', '2024-03-29 04:07:23');

-- --------------------------------------------------------

--
-- Структура таблицы `messages`
--

CREATE TABLE `messages` (
  `id` int(11) NOT NULL,
  `user_id` int(11) NOT NULL,
  `item` varchar(2000) COLLATE utf8mb4_unicode_ci DEFAULT NULL,
  `url` varchar(512) COLLATE utf8mb4_unicode_ci NOT NULL,
  `title` varchar(512) COLLATE utf8mb4_unicode_ci DEFAULT NULL,
  `subject` text COLLATE utf8mb4_unicode_ci DEFAULT NULL,
  `body` text COLLATE utf8mb4_unicode_ci DEFAULT NULL,
  `sender_id` int(11) NOT NULL DEFAULT -1,
  `feed_id` varchar(50) COLLATE utf8mb4_unicode_ci DEFAULT NULL,
  `feed_date` varchar(50) COLLATE utf8mb4_unicode_ci DEFAULT NULL,
  `status` int(11) NOT NULL DEFAULT 0,
  `updated_at` timestamp NOT NULL,
  `created_at` timestamp NOT NULL
) ENGINE=InnoDB DEFAULT CHARSET=utf8mb4 COLLATE=utf8mb4_unicode_ci;

--
-- Дамп данных таблицы `messages`
--

INSERT INTO `messages` (`id`, `user_id`, `item`, `url`, `title`, `subject`, `body`, `sender_id`, `feed_id`, `feed_date`, `status`, `updated_at`, `created_at`) VALUES
(1, 3, '', 'https://lk.gosuslugi.ru/message/2000000896601980', 'Копия бумажного письма', '<div class=\\\"mail-body-content mini-bottom\\\"><div class=\\\"lg-h-title-16-big md-h-title-16-big sm-h-title-16 dark-gray text-plain\\\"><p>Иван Иванович<\\/p><p>Вам направлено заказное письмо по адресу, указанному в личном кабинете. Посмотрите содержание электронной копии. Оригинал можно забрать лично в отделении почты<\\/p><p class=\\\"mt-16 all-offset-top-16\\\"><a href=\\\"https://www.lk.gosuslugi.ru/profile/personal\\\" class=\\\"link-plain\\\">Проверить адрес<\\/a><\\/p><div style=\\\"border-top: 1px solid #979797; padding-top: 24px; margin-top:16px;\\\">Откажитесь от бумажных писем<br><a href=\\\"https://www.lk.gosuslugi.ru/settings/mail\\\" class=\\\"link-plain\\\">Измените настройки<\\/a>, чтобы приходили только электронные письма<\\/div><\\/div><\\/div>', '{\"date\": \"2023-07-24T14:28:27.000+0300\"}', 1, NULL, NULL, 0, '0000-00-00 00:00:00', '0000-00-00 00:00:00'),
(2, 3, '', 'https://lk.gosuslugi.ru/message/1000001068192022', 'Копия бумажного письма2', NULL, NULL, 1, NULL, NULL, 0, '0000-00-00 00:00:00', '0000-00-00 00:00:00'),
(3, 3, '', 'https://lk.gosuslugi.ru/message/1000001068231744', 'Копия бумажного письма3', NULL, NULL, 1, NULL, NULL, 0, '0000-00-00 00:00:00', '0000-00-00 00:00:00'),
(4, 3, '', 'https://lk.gosuslugi.ru/message/2000001598998879', 'Копия бумажного письма4', NULL, NULL, 1, NULL, NULL, 0, '0000-00-00 00:00:00', '0000-00-00 00:00:00'),
(5, 3, '', 'https://lk.gosuslugi.ru/message/2000001412727299', 'С днём рождения, Денис Владимирович!', NULL, NULL, 2, NULL, NULL, 0, '0000-00-00 00:00:00', '0000-00-00 00:00:00'),
(6, 3, '', 'https://lk.gosuslugi.ru/message/2000001131196137', 'Копия бумажного письма5', NULL, NULL, 1, NULL, NULL, 0, '0000-00-00 00:00:00', '0000-00-00 00:00:00'),
(7, 3, '', 'https://lk.gosuslugi.ru/message/1000000809152453', 'Копия бумажного письма6', NULL, NULL, 1, NULL, NULL, 0, '0000-00-00 00:00:00', '0000-00-00 00:00:00'),
(8, 3, '', 'https://lk.gosuslugi.ru/message/107404749106', 'Копия бумажного письма7', NULL, NULL, 1, NULL, NULL, 0, '0000-00-00 00:00:00', '0000-00-00 00:00:00'),
(9, 3, '', 'https://lk.gosuslugi.ru/message/103138209941', 'Копия бумажного письма8', NULL, NULL, 1, NULL, NULL, 0, '0000-00-00 00:00:00', '0000-00-00 00:00:00');

-- --------------------------------------------------------

--
-- Структура таблицы `migrations`
--

CREATE TABLE `migrations` (
  `id` int(10) UNSIGNED NOT NULL,
  `migration` varchar(255) COLLATE utf8mb4_unicode_ci NOT NULL,
  `batch` int(11) NOT NULL
) ENGINE=InnoDB DEFAULT CHARSET=utf8mb4 COLLATE=utf8mb4_unicode_ci;

--
-- Дамп данных таблицы `migrations`
--

INSERT INTO `migrations` (`id`, `migration`, `batch`) VALUES
(1, '2014_10_12_000000_create_users_table', 1),
(2, '2014_10_12_100000_create_password_reset_tokens_table', 1),
(3, '2019_08_19_000000_create_failed_jobs_table', 1),
(4, '2019_12_14_000001_create_personal_access_tokens_table', 1),
(5, '2024_01_04_125405_create_roles_table', 1),
(6, '2024_01_04_125421_create_permissions_table', 1),
(7, '2024_01_04_125540_create_users_permissions_table', 1),
(8, '2024_01_04_125647_create_users_roles_table', 1),
(9, '2024_01_04_125727_create_roles_permissions_table', 1),
(10, '2014_10_12_100000_create_password_resets_table', 2),
(11, '2024_01_26_175603_create_settings_table', 2),
(12, '2024_02_05_052352_create_regions_table', 3),
(13, '2024_02_05_055841_create_docs_table', 4),
(15, '2024_02_13_173159_create_reestrs_table', 5),
(16, '2024_02_25_101250_create_log_searches_table', 6),
(17, '2024_02_28_070319_create_histori_search_reestr_ids_table', 7),
(18, '2024_02_29_055252_create_error_histori_search_reestrs_table', 7),
(19, '2024_03_13_072645_create_credit_names_table', 8),
(20, '2024_03_13_104855_create_fssp_reestr_fields_table', 9);

-- --------------------------------------------------------

--
-- Структура таблицы `password_resets`
--

CREATE TABLE `password_resets` (
  `email` varchar(255) COLLATE utf8mb4_unicode_ci NOT NULL,
  `token` varchar(255) COLLATE utf8mb4_unicode_ci NOT NULL,
  `created_at` timestamp NULL DEFAULT NULL
) ENGINE=InnoDB DEFAULT CHARSET=utf8mb4 COLLATE=utf8mb4_unicode_ci;

-- --------------------------------------------------------

--
-- Структура таблицы `password_reset_tokens`
--

CREATE TABLE `password_reset_tokens` (
  `email` varchar(255) COLLATE utf8mb4_unicode_ci NOT NULL,
  `token` varchar(255) COLLATE utf8mb4_unicode_ci NOT NULL,
  `created_at` timestamp NULL DEFAULT NULL
) ENGINE=InnoDB DEFAULT CHARSET=utf8mb4 COLLATE=utf8mb4_unicode_ci;

-- --------------------------------------------------------

--
-- Структура таблицы `permissions`
--

CREATE TABLE `permissions` (
  `id` bigint(20) UNSIGNED NOT NULL,
  `name` varchar(255) COLLATE utf8mb4_unicode_ci NOT NULL,
  `slug` varchar(255) COLLATE utf8mb4_unicode_ci NOT NULL,
  `created_at` timestamp NULL DEFAULT NULL,
  `updated_at` timestamp NULL DEFAULT NULL
) ENGINE=InnoDB DEFAULT CHARSET=utf8mb4 COLLATE=utf8mb4_unicode_ci;

--
-- Дамп данных таблицы `permissions`
--

INSERT INTO `permissions` (`id`, `name`, `slug`, `created_at`, `updated_at`) VALUES
(1, 'Добавление', 'create', '2024-01-04 10:34:20', '2024-01-04 10:34:20'),
(2, 'Редактирование', 'edit', '2024-01-04 10:34:20', '2024-01-04 10:34:20'),
(3, 'Удаление', 'delete', '2024-01-04 10:34:20', '2024-01-04 10:34:20'),
(4, 'Добавление', 'create', '2024-01-04 10:35:27', '2024-01-04 10:35:27'),
(5, 'Редактирование', 'edit', '2024-01-04 10:35:27', '2024-01-04 10:35:27'),
(6, 'Удаление', 'delete', '2024-01-04 10:35:27', '2024-01-04 10:35:27'),
(7, 'Добавление', 'create', '2024-01-04 10:37:16', '2024-01-04 10:37:16'),
(8, 'Редактирование', 'edit', '2024-01-04 10:37:16', '2024-01-04 10:37:16'),
(9, 'Удаление', 'delete', '2024-01-04 10:37:16', '2024-01-04 10:37:16');

-- --------------------------------------------------------

--
-- Структура таблицы `personal_access_tokens`
--

CREATE TABLE `personal_access_tokens` (
  `id` bigint(20) UNSIGNED NOT NULL,
  `tokenable_type` varchar(255) COLLATE utf8mb4_unicode_ci NOT NULL,
  `tokenable_id` bigint(20) UNSIGNED NOT NULL,
  `name` varchar(255) COLLATE utf8mb4_unicode_ci NOT NULL,
  `token` varchar(64) COLLATE utf8mb4_unicode_ci NOT NULL,
  `abilities` text COLLATE utf8mb4_unicode_ci DEFAULT NULL,
  `last_used_at` timestamp NULL DEFAULT NULL,
  `expires_at` timestamp NULL DEFAULT NULL,
  `created_at` timestamp NULL DEFAULT NULL,
  `updated_at` timestamp NULL DEFAULT NULL
) ENGINE=InnoDB DEFAULT CHARSET=utf8mb4 COLLATE=utf8mb4_unicode_ci;

-- --------------------------------------------------------

--
-- Структура таблицы `reestrs`
--

CREATE TABLE `reestrs` (
  `id` bigint(20) UNSIGNED NOT NULL,
  `ip_number` varchar(255) COLLATE utf8mb4_unicode_ci DEFAULT NULL,
  `id_number` varchar(255) COLLATE utf8mb4_unicode_ci DEFAULT NULL,
  `hash` varchar(32) COLLATE utf8mb4_unicode_ci DEFAULT NULL,
  `fio` varchar(255) COLLATE utf8mb4_unicode_ci DEFAULT NULL,
  `birthdate` varchar(255) COLLATE utf8mb4_unicode_ci DEFAULT NULL,
  `inn` varchar(15) COLLATE utf8mb4_unicode_ci DEFAULT NULL,
  `state` varchar(255) COLLATE utf8mb4_unicode_ci DEFAULT NULL,
  `credit` decimal(20,2) DEFAULT NULL,
  `real_credit` decimal(20,2) DEFAULT NULL,
  `difference` decimal(20,2) DEFAULT NULL,
  `region_id` varchar(255) COLLATE utf8mb4_unicode_ci DEFAULT NULL,
  `line` longtext CHARACTER SET utf8mb4 COLLATE utf8mb4_bin DEFAULT NULL CHECK (json_valid(`line`)),
  `header` tinyint(1) NOT NULL,
  `upload_error` tinyint(1) DEFAULT NULL,
  `created_at` timestamp NULL DEFAULT NULL,
  `updated_at` timestamp NULL DEFAULT NULL
) ENGINE=InnoDB DEFAULT CHARSET=utf8mb4 COLLATE=utf8mb4_unicode_ci;

--
-- Дамп данных таблицы `reestrs`
--

INSERT INTO `reestrs` (`id`, `ip_number`, `id_number`, `hash`, `fio`, `birthdate`, `inn`, `state`, `credit`, `real_credit`, `difference`, `region_id`, `line`, `header`, `upload_error`, `created_at`, `updated_at`) VALUES
(1, NULL, NULL, NULL, NULL, NULL, NULL, NULL, NULL, NULL, NULL, NULL, '[\"\\u0414\\u043e\\u043b\\u0436\\u043d\\u0438\\u043a*\",\"\\u0414\\u0430\\u0442\\u0430 \\u0440\\u043e\\u0436\\u0434\\u0435\\u043d\\u0438\\u044f (\\u0444\\u0438\\u0437. \\u043b\\u0438\\u0446\\u0430)\",\"\\u0418\\u041d\\u041d (\\u044e\\u0440. \\u043b\\u0438\\u0446\\u0430)\",\"\\u0418\\u0441\\u043f\\u043e\\u043b\\u043d\\u0438\\u0442\\u0435\\u043b\\u044c\\u043d\\u043e\\u0435 \\u043f\\u0440\\u043e\\u0438\\u0437\\u0432\\u043e\\u0434\\u0441\\u0442\\u0432\\u043e (\\u043d\\u043e\\u043c\\u0435\\u0440)\",\"\\u0418\\u0441\\u043f\\u043e\\u043b\\u043d\\u0438\\u0442\\u0435\\u043b\\u044c\\u043d\\u044b\\u0439 \\u0434\\u043e\\u043a\\u0443\\u043c\\u0435\\u043d\\u0442 (\\u043d\\u043e\\u043c\\u0435\\u0440)*\",\"\\u0420\\u0435\\u0433\\u0438\\u043e\\u043d*\",\"\\u0421\\u0442\\u0430\\u0442\\u0443\\u0441\",\"\\u0421\\u0443\\u043c\\u043c\\u0430 \\u0434\\u043e\\u043b\\u0433\\u0430\",\"\\u041e\\u0442\\u0434\\u0435\\u043b \\u0441\\u0443\\u0434\\u0435\\u0431\\u043d\\u044b\\u0445 \\u043f\\u0440\\u0438\\u0441\\u0442\\u0430\\u0432\\u043e\\u0432\",\"\\u0421\\u0443\\u0434\\u0435\\u0431\\u043d\\u044b\\u0439 \\u043f\\u0440\\u0438\\u0441\\u0442\\u0430\\u0432-\\u0438\\u0441\\u043f\\u043e\\u043b\\u043d\\u0438\\u0442\\u0435\\u043b\\u044c\",\"\\u041a\\u0430\\u043a\\u0430\\u044f-\\u0442\\u043e \\u0445\\u0440\\u0435\\u043d\\u044c\"]', 1, NULL, '2024-04-02 08:05:09', '2024-04-02 08:05:09'),
(2, '117662/23/50041-ИП', NULL, NULL, 'СТУПИНСКАЯ УПРАВЛЯЮЩАЯ КОМПАНИЯ ООО', '01.01.1900', NULL, NULL, NULL, NULL, NULL, '50', '[\"\\u0421\\u0422\\u0423\\u041f\\u0418\\u041d\\u0421\\u041a\\u0410\\u042f \\u0423\\u041f\\u0420\\u0410\\u0412\\u041b\\u042f\\u042e\\u0429\\u0410\\u042f \\u041a\\u041e\\u041c\\u041f\\u0410\\u041d\\u0418\\u042f \\u041e\\u041e\\u041e\",\"01.01.1900\",5045037948,\"117662\\/23\\/50041-\\u0418\\u041f\",null,\"\\u041c\\u043e\\u0441\\u043a\\u043e\\u0432\\u0441\\u043a\\u0430\\u044f \\u043e\\u0431\\u043b\\u0430\\u0441\\u0442\\u044c\",null,null,null,null,1]', 0, 1, '2024-04-02 08:05:09', '2024-04-02 08:05:09'),
(3, '', '2-2545/22', NULL, 'СЛОБОДЧИКОВ МИХАИЛ ЛЕОНИДОВИЧ', '24.01.1900', NULL, NULL, NULL, NULL, NULL, '37', '[\"\\u0421\\u041b\\u041e\\u0411\\u041e\\u0414\\u0427\\u0418\\u041a\\u041e\\u0412 \\u041c\\u0418\\u0425\\u0410\\u0418\\u041b \\u041b\\u0415\\u041e\\u041d\\u0418\\u0414\\u041e\\u0412\\u0418\\u0427\",\"24.01.1900\",null,\"\",\"2-2545\\/22\",\"\\u0418\\u0432\\u0430\\u043d\\u043e\\u0432\\u0441\\u043a\\u0430\\u044f \\u043e\\u0431\\u043b\\u0430\\u0441\\u0442\\u044c\",null,null,null,null,2]', 0, 0, '2024-04-02 08:05:09', '2024-04-02 08:05:09'),
(4, '', '2-3929/22', NULL, 'СЛОБОДЧИКОВ МИХАИЛ ЛЕОНИДОВИЧ', '24.01.1900', NULL, NULL, NULL, NULL, NULL, '37', '[\"\\u0421\\u041b\\u041e\\u0411\\u041e\\u0414\\u0427\\u0418\\u041a\\u041e\\u0412 \\u041c\\u0418\\u0425\\u0410\\u0418\\u041b \\u041b\\u0415\\u041e\\u041d\\u0418\\u0414\\u041e\\u0412\\u0418\\u0427\",\"24.01.1900\",null,\"\",\"2-3929\\/22\",\"\\u0418\\u0432\\u0430\\u043d\\u043e\\u0432\\u0441\\u043a\\u0430\\u044f \\u043e\\u0431\\u043b\\u0430\\u0441\\u0442\\u044c\",null,null,null,null,3]', 0, 0, '2024-04-02 08:05:09', '2024-04-02 08:05:09'),
(5, '', '220206007', NULL, 'СЛОБОДЧИКОВ МИХАИЛ ЛЕОНИДОВИЧ', '24.01.1900', NULL, NULL, NULL, NULL, NULL, '37', '[\"\\u0421\\u041b\\u041e\\u0411\\u041e\\u0414\\u0427\\u0418\\u041a\\u041e\\u0412 \\u041c\\u0418\\u0425\\u0410\\u0418\\u041b \\u041b\\u0415\\u041e\\u041d\\u0418\\u0414\\u041e\\u0412\\u0418\\u0427\",\"24.01.1900\",null,\"\",220206007,\"\\u0418\\u0432\\u0430\\u043d\\u043e\\u0432\\u0441\\u043a\\u0430\\u044f \\u043e\\u0431\\u043b\\u0430\\u0441\\u0442\\u044c\",null,null,null,null,4]', 0, 0, '2024-04-02 08:05:09', '2024-04-02 08:05:09'),
(6, '75923/22/37004-ИП', '2-3540/2021', NULL, 'СЛОБОДЧИКОВ МИХАИЛ ЛЕОНИДОВИЧ', '24.01.1900', NULL, NULL, NULL, NULL, NULL, '37', '[\"\\u0421\\u041b\\u041e\\u0411\\u041e\\u0414\\u0427\\u0418\\u041a\\u041e\\u0412 \\u041c\\u0418\\u0425\\u0410\\u0418\\u041b \\u041b\\u0415\\u041e\\u041d\\u0418\\u0414\\u041e\\u0412\\u0418\\u0427\",\"24.01.1900\",null,\"75923\\/22\\/37004-\\u0418\\u041f\",\"2-3540\\/2021\",\"\\u0418\\u0432\\u0430\\u043d\\u043e\\u0432\\u0441\\u043a\\u0430\\u044f \\u043e\\u0431\\u043b\\u0430\\u0441\\u0442\\u044c\",null,null,null,null,5]', 0, 0, '2024-04-02 08:05:09', '2024-04-02 08:05:09'),
(7, '', '2-2316/2023-16', NULL, 'ФИЛИМОНОВ ОЛЕГ ВАЛЕРЬЕВИЧ', '02.01.1900', NULL, NULL, NULL, NULL, NULL, '67', '[\"\\u0424\\u0418\\u041b\\u0418\\u041c\\u041e\\u041d\\u041e\\u0412 \\u041e\\u041b\\u0415\\u0413 \\u0412\\u0410\\u041b\\u0415\\u0420\\u042c\\u0415\\u0412\\u0418\\u0427\",\"02.01.1900\",null,\"\",\"2-2316\\/2023-16\",\"\\u0421\\u043c\\u043e\\u043b\\u0435\\u043d\\u0441\\u043a\\u0430\\u044f \\u043e\\u0431\\u043b\\u0430\\u0441\\u0442\\u044c\",null,null,null,null,6]', 0, 0, '2024-04-02 08:05:09', '2024-04-02 08:05:09'),
(8, '', '2-2316/2023-16', NULL, 'ФИЛИМОНОВ ОЛЕГ ВАЛЕРЬЕВИЧ', '02.01.1900', NULL, NULL, NULL, NULL, NULL, '67', '[\"\\u0424\\u0418\\u041b\\u0418\\u041c\\u041e\\u041d\\u041e\\u0412 \\u041e\\u041b\\u0415\\u0413 \\u0412\\u0410\\u041b\\u0415\\u0420\\u042c\\u0415\\u0412\\u0418\\u0427\",\"02.01.1900\",null,\"\",\"2-2316\\/2023-16\",\"\\u0421\\u043c\\u043e\\u043b\\u0435\\u043d\\u0441\\u043a\\u0430\\u044f \\u043e\\u0431\\u043b\\u0430\\u0441\\u0442\\u044c\",null,null,null,null,6]', 0, 0, '2024-04-02 08:05:09', '2024-04-02 08:05:09');

-- --------------------------------------------------------

--
-- Структура таблицы `regions`
--

CREATE TABLE `regions` (
  `id` bigint(20) UNSIGNED NOT NULL,
  `name` varchar(255) COLLATE utf8mb4_unicode_ci NOT NULL,
  `created_at` timestamp NULL DEFAULT NULL,
  `updated_at` timestamp NULL DEFAULT NULL
) ENGINE=InnoDB DEFAULT CHARSET=utf8mb4 COLLATE=utf8mb4_unicode_ci;

--
-- Дамп данных таблицы `regions`
--

INSERT INTO `regions` (`id`, `name`, `created_at`, `updated_at`) VALUES
(2, 'Республика Башкортостан', NULL, NULL),
(3, 'Республика Бурятия', NULL, NULL),
(4, 'Республика Алтай', NULL, NULL),
(5, 'Республика Дагестан\'', NULL, NULL),
(6, 'Республика Ингушетия', NULL, NULL),
(7, 'Кабардино-Балкария', NULL, NULL),
(8, 'Республика Калмыкия', NULL, NULL),
(9, 'Карачаево-Черкесия', NULL, NULL),
(10, 'Республика Карелия', NULL, NULL),
(11, 'Республика Коми', NULL, NULL),
(12, 'Республика Марий Эл', NULL, NULL),
(13, 'Республика Мордовия', NULL, NULL),
(14, 'Республика Саха (Якутия)', NULL, NULL),
(15, 'Северная Осетия-Алания', NULL, NULL),
(16, 'Республика Татарстан', NULL, NULL),
(17, 'Республика Тыва', NULL, NULL),
(18, 'Удмуртская Республика', NULL, NULL),
(19, 'Республика Хакасия', NULL, NULL),
(20, 'Чеченская Республика', NULL, NULL),
(21, 'Чувашская Республика - Чувашия', NULL, NULL),
(22, 'Алтайский край', NULL, NULL),
(23, 'Краснодарский край', NULL, NULL),
(24, 'Красноярский край', NULL, NULL),
(25, 'Приморский край', NULL, NULL),
(26, 'Ставропольский край', NULL, NULL),
(27, 'Хабаровский край и Еврейская автономная область', NULL, NULL),
(28, 'Амурская область', NULL, NULL),
(29, 'Архангельская область и Ненецкий автономный округ', NULL, NULL),
(30, 'Астраханская область', NULL, NULL),
(31, 'Белгородская область', NULL, NULL),
(32, 'Брянская область', NULL, NULL),
(33, 'Владимирская область', NULL, NULL),
(34, 'Волгоградская область', NULL, NULL),
(35, 'Вологодская область', NULL, NULL),
(36, 'Воронежская область', NULL, NULL),
(37, 'Ивановская область', NULL, NULL),
(38, 'Иркутская область', NULL, NULL),
(39, 'Калининградская область', NULL, NULL),
(40, 'Калужская область', NULL, NULL),
(41, 'Камчатский край и Чукотский автономный округ', NULL, NULL),
(42, 'Кемеровская область - Кузбасс', NULL, NULL),
(43, 'Кировская область', NULL, NULL),
(44, 'Костромская область', NULL, NULL),
(45, 'Курганская область', NULL, NULL),
(46, 'Курская область', NULL, NULL),
(47, 'Ленинградская область', NULL, NULL),
(48, 'Липецкая область', NULL, NULL),
(49, 'Магаданская область', NULL, NULL),
(50, 'Московская область', NULL, NULL),
(51, 'Мурманская область', NULL, NULL),
(52, 'Нижегородская область', NULL, NULL),
(53, 'Новгородская область', NULL, NULL),
(54, 'Новосибирская область', NULL, NULL),
(55, 'Омская область', NULL, NULL),
(56, 'Оренбургская область', NULL, NULL),
(57, 'Орловская область', NULL, NULL),
(58, 'Пензенская область', NULL, NULL),
(59, 'Пермский край', NULL, NULL),
(60, 'Псковская область', NULL, NULL),
(61, 'Ростовская область', NULL, NULL),
(62, 'Рязанская область', NULL, NULL),
(63, 'Самарская область', NULL, NULL),
(64, 'Саратовская область', NULL, NULL),
(65, 'Сахалинская область', NULL, NULL),
(66, 'Свердловская область', NULL, NULL),
(67, 'Смоленская область', NULL, NULL),
(68, 'Тамбовская область', NULL, NULL),
(69, 'Тверская область', NULL, NULL),
(70, 'Томская область', NULL, NULL),
(71, 'Тульская область', NULL, NULL),
(72, 'Тюменская область', NULL, NULL),
(73, 'Ульяновская область', NULL, NULL),
(74, 'Челябинская область', NULL, NULL),
(75, 'Забайкальский край', NULL, NULL),
(76, 'Ярославская область', NULL, NULL),
(77, 'Москва', NULL, NULL),
(78, 'Санкт-Петербург', NULL, NULL),
(80, 'Донецкая Народная Республика', NULL, NULL),
(81, 'Луганская Народная Республика', NULL, NULL),
(82, 'Республика Крым и Севастополь', NULL, NULL),
(84, 'Херсонская область', NULL, NULL),
(85, 'Запорожская область', NULL, NULL),
(86, 'Ханты-Мансийский АО', NULL, NULL),
(89, 'Ямало-Ненецкий АО', NULL, NULL);

-- --------------------------------------------------------

--
-- Структура таблицы `roles`
--

CREATE TABLE `roles` (
  `id` bigint(20) UNSIGNED NOT NULL,
  `name` varchar(255) COLLATE utf8mb4_unicode_ci NOT NULL,
  `slug` varchar(255) COLLATE utf8mb4_unicode_ci NOT NULL,
  `created_at` timestamp NULL DEFAULT NULL,
  `updated_at` timestamp NULL DEFAULT NULL
) ENGINE=InnoDB DEFAULT CHARSET=utf8mb4 COLLATE=utf8mb4_unicode_ci;

--
-- Дамп данных таблицы `roles`
--

INSERT INTO `roles` (`id`, `name`, `slug`, `created_at`, `updated_at`) VALUES
(9, 'Администратор', 'admin', '2024-01-04 10:37:16', '2024-01-04 10:37:16'),
(10, 'Модератор', 'moderator', '2024-01-04 10:37:16', '2024-01-04 10:37:16'),
(11, 'Менеджер', 'manager', '2024-01-04 10:37:16', '2024-01-04 10:37:16'),
(12, 'Юрист', 'legal', '2024-01-04 10:37:16', '2024-01-04 10:37:16');

-- --------------------------------------------------------

--
-- Структура таблицы `roles_permissions`
--

CREATE TABLE `roles_permissions` (
  `role_id` bigint(20) UNSIGNED NOT NULL,
  `permission_id` bigint(20) UNSIGNED NOT NULL
) ENGINE=InnoDB DEFAULT CHARSET=utf8mb4 COLLATE=utf8mb4_unicode_ci;

-- --------------------------------------------------------

--
-- Структура таблицы `senders`
--

CREATE TABLE `senders` (
  `id` int(11) NOT NULL,
  `title` varchar(100) COLLATE utf8mb4_unicode_ci NOT NULL,
  `updated_at` timestamp NOT NULL,
  `created_at` timestamp NOT NULL
) ENGINE=InnoDB DEFAULT CHARSET=utf8mb4 COLLATE=utf8mb4_unicode_ci;

--
-- Дамп данных таблицы `senders`
--

INSERT INTO `senders` (`id`, `title`, `updated_at`, `created_at`) VALUES
(1, 'Суд', '0000-00-00 00:00:00', '0000-00-00 00:00:00'),
(2, 'Портал Госуслуг', '0000-00-00 00:00:00', '0000-00-00 00:00:00');

-- --------------------------------------------------------

--
-- Структура таблицы `settings`
--

CREATE TABLE `settings` (
  `id` bigint(20) UNSIGNED NOT NULL,
  `product_key` varchar(50) COLLATE utf8mb4_unicode_ci DEFAULT NULL,
  `token` longtext CHARACTER SET utf8mb4 COLLATE utf8mb4_bin DEFAULT NULL CHECK (json_valid(`token`)),
  `table_list` longtext CHARACTER SET utf8mb4 COLLATE utf8mb4_bin DEFAULT NULL CHECK (json_valid(`table_list`)),
  `filter_limit` int(11) DEFAULT NULL,
  `hdd` longtext CHARACTER SET utf8mb4 COLLATE utf8mb4_bin DEFAULT NULL CHECK (json_valid(`hdd`)),
  `replac` int(11) DEFAULT NULL,
  `delay` int(11) DEFAULT NULL,
  `name` varchar(255) COLLATE utf8mb4_unicode_ci DEFAULT NULL,
  `value` longtext CHARACTER SET utf8mb4 COLLATE utf8mb4_bin DEFAULT NULL CHECK (json_valid(`value`)),
  `created_at` timestamp NULL DEFAULT NULL,
  `updated_at` timestamp NULL DEFAULT NULL
) ENGINE=InnoDB DEFAULT CHARSET=utf8mb4 COLLATE=utf8mb4_unicode_ci;

--
-- Дамп данных таблицы `settings`
--

INSERT INTO `settings` (`id`, `product_key`, `token`, `table_list`, `filter_limit`, `hdd`, `replac`, `delay`, `name`, `value`, `created_at`, `updated_at`) VALUES
(1, NULL, '{\"token\":\"5893AF2F0E8249428CFECB4CC4CB\",\"date\":\"10.04.2024\"}', '{}', 10, '{}', 0, 10, 'token', '[\"userSelectedLanguage=ru; nau=1d6aa1b9-7589-6977-8a3e-33b72c3b7078; usi_portal=rBopZmYfulNMgyEsXXz6Ag==; _ym_uid=1713355293121411314; _ym_d=1713355349; _ym_isad=2; fhp=rBpoO2Yfupyy3Sdn70kFAg==; _idp_authn_id=phone%3A%252B7(929)9084079; acc_t=eyJ2ZXIiOjEsInR5cCI6IkpXVCIsInNidCI6ImFjY2VzcyIsImFsZyI6IlJTMjU2In0.eyJuYmYiOjE3MTMzNTU1MjIsInNjb3BlIjoiaHR0cDpcL1wvZXNpYS5nb3N1c2x1Z2kucnVcL3Vzcl90cm0_bW9kZT13Jm9pZD0xMDM3NDEwNjE2IGh0dHA6XC9cL2VzaWEuZ29zdXNsdWdpLnJ1XC91c3Jfc2VjP21vZGU9dyZvaWQ9MTAzNzQxMDYxNiBodHRwOlwvXC9lc2lhLmdvc3VzbHVnaS5ydVwvdXNyX2luZj9tb2RlPXcmb2lkPTEwMzc0MTA2MTYgb3BlbmlkIiwiaXNzIjoiaHR0cDpcL1wvZXNpYS5nb3N1c2x1Z2kucnVcLyIsInVybjplc2lhOnNpZCI6IjAyYTY4NzgzLTJkZTgtYjI5Mi1iMTBmLTQwZjliZDhmOGExYyIsInVybjplc2lhOnNial9pZCI6MTAzNzQxMDYxNiwiZXhwIjoxNzEzMzY2MzIyLCJpYXQiOjE3MTMzNTU1MjIsImNsaWVudF9pZCI6IlBHVSJ9.XYGTlnTPbKsENiXMF0agahsF53COu_NxtUL6WeyWA1v2lFPVKdBhYKiakZnO5j6qkiVKiUObVBns3r4_sveX23aPjaZluOLqbAH46LXf-Zi99nkrynVB_zM5htH-RnrW2JOu1HrOkPrrCTkkJR1eQJPdlZ0bsNVGKm519Ubd_D4It1l88CXnly0zRuZuPfhKdtDWsKJ78OUmHE6eJEsmUhx0lH8r6ZPTWXfXO_2c2vO5OYYQtG_lFLICKvN12dmSnVz3Y3SrYfANCICzWXmTXAwTVQj1PrVNP881CCKz0-lJcEyf1fCiwDABS6F2y9VEa0hso1CrdMhZogF2fE7pHQ; TS014d06c8=01474e7625ec3d0413b244cc9994a7866b5d262b54b60dd2f11ff2b549886dbff6af738d6785648ca1959f3797536131b4f9b5f700; prev-gu-role=P; showed_onboarding_places=; userSelectedRegion=45000000000\"]', '2024-01-28 16:11:52', '2024-04-17 09:13:07');

-- --------------------------------------------------------

--
-- Структура таблицы `users`
--

CREATE TABLE `users` (
  `id` bigint(20) UNSIGNED NOT NULL,
  `name` varchar(255) COLLATE utf8mb4_unicode_ci NOT NULL,
  `surname` varchar(255) COLLATE utf8mb4_unicode_ci DEFAULT NULL,
  `lastname` varchar(255) COLLATE utf8mb4_unicode_ci DEFAULT NULL,
  `email` varchar(255) COLLATE utf8mb4_unicode_ci NOT NULL,
  `email_verified_at` timestamp NULL DEFAULT NULL,
  `password` varchar(255) COLLATE utf8mb4_unicode_ci NOT NULL,
  `role_id` int(11) NOT NULL,
  `reset_token` varchar(255) COLLATE utf8mb4_unicode_ci DEFAULT NULL,
  `remember_token` varchar(100) COLLATE utf8mb4_unicode_ci DEFAULT NULL,
  `created_at` timestamp NULL DEFAULT NULL,
  `updated_at` timestamp NULL DEFAULT NULL
) ENGINE=InnoDB DEFAULT CHARSET=utf8mb4 COLLATE=utf8mb4_unicode_ci;

--
-- Дамп данных таблицы `users`
--

INSERT INTO `users` (`id`, `name`, `surname`, `lastname`, `email`, `email_verified_at`, `password`, `role_id`, `reset_token`, `remember_token`, `created_at`, `updated_at`) VALUES
(3, 'Денис', NULL, NULL, 'admin@arconix-tech.ru', NULL, '$2y$12$TVm41t1p6I3ev.gQ5JWerOMOB1AejP8nMj6KXoMkDb.jATa6PqAfe', 9, NULL, NULL, '2024-01-04 10:37:17', '2024-01-04 10:37:17'),
(4, 'Михаил', NULL, NULL, 'slobodchikov1985@yandex.ru', NULL, '$2y$12$W9Zp69DJTqv1pJKh3hbdC.yq20jGO9XdX9Vdp1XNaRE/8Lq20SuXu', 9, NULL, NULL, '2024-01-04 10:37:17', '2024-01-04 10:37:17'),
(8, 'test', NULL, NULL, 'test@test.ru', NULL, '$2y$12$RXA7xXslZA1YAhI8J2liGuDJAkvPVCaXYqn3z9cqpzYQC0/Gw2tGu', 11, NULL, NULL, '2024-01-06 11:13:11', '2024-01-06 11:13:11'),
(9, 'Леонид', NULL, NULL, 'test5@test.ru', NULL, '$2y$12$KTaKTx6QVmLd9EaEn1w/8eIqO4GcdrG7SRl0UqYLgqem4rxF3H03e', 11, NULL, NULL, '2024-01-17 16:14:48', '2024-01-17 16:14:48');

-- --------------------------------------------------------

--
-- Структура таблицы `users_permissions`
--

CREATE TABLE `users_permissions` (
  `user_id` bigint(20) UNSIGNED NOT NULL,
  `permission_id` bigint(20) UNSIGNED NOT NULL
) ENGINE=InnoDB DEFAULT CHARSET=utf8mb4 COLLATE=utf8mb4_unicode_ci;

-- --------------------------------------------------------

--
-- Структура таблицы `users_roles`
--

CREATE TABLE `users_roles` (
  `user_id` bigint(20) UNSIGNED NOT NULL,
  `role_id` bigint(20) UNSIGNED NOT NULL
) ENGINE=InnoDB DEFAULT CHARSET=utf8mb4 COLLATE=utf8mb4_unicode_ci;

--
-- Дамп данных таблицы `users_roles`
--

INSERT INTO `users_roles` (`user_id`, `role_id`) VALUES
(3, 9),
(4, 10);

--
-- Индексы сохранённых таблиц
--

--
-- Индексы таблицы `credit_names`
--
ALTER TABLE `credit_names`
  ADD PRIMARY KEY (`id`);

--
-- Индексы таблицы `docs`
--
ALTER TABLE `docs`
  ADD PRIMARY KEY (`id`);

--
-- Индексы таблицы `error_histori_search_reestrs`
--
ALTER TABLE `error_histori_search_reestrs`
  ADD PRIMARY KEY (`id`);

--
-- Индексы таблицы `failed_jobs`
--
ALTER TABLE `failed_jobs`
  ADD PRIMARY KEY (`id`),
  ADD UNIQUE KEY `failed_jobs_uuid_unique` (`uuid`);

--
-- Индексы таблицы `files`
--
ALTER TABLE `files`
  ADD PRIMARY KEY (`id`),
  ADD KEY `mes_id` (`message_id`),
  ADD KEY `sender_id` (`sender_id`);

--
-- Индексы таблицы `fssp_reestr_fields`
--
ALTER TABLE `fssp_reestr_fields`
  ADD PRIMARY KEY (`id`);

--
-- Индексы таблицы `histori_search_reestr_ids`
--
ALTER TABLE `histori_search_reestr_ids`
  ADD PRIMARY KEY (`id`);

--
-- Индексы таблицы `logs`
--
ALTER TABLE `logs`
  ADD PRIMARY KEY (`id`);

--
-- Индексы таблицы `log_searches`
--
ALTER TABLE `log_searches`
  ADD PRIMARY KEY (`id`);

--
-- Индексы таблицы `messages`
--
ALTER TABLE `messages`
  ADD PRIMARY KEY (`id`),
  ADD KEY `sender_id` (`sender_id`);

--
-- Индексы таблицы `migrations`
--
ALTER TABLE `migrations`
  ADD PRIMARY KEY (`id`);

--
-- Индексы таблицы `password_resets`
--
ALTER TABLE `password_resets`
  ADD KEY `password_resets_email_index` (`email`);

--
-- Индексы таблицы `password_reset_tokens`
--
ALTER TABLE `password_reset_tokens`
  ADD PRIMARY KEY (`email`);

--
-- Индексы таблицы `permissions`
--
ALTER TABLE `permissions`
  ADD PRIMARY KEY (`id`);

--
-- Индексы таблицы `personal_access_tokens`
--
ALTER TABLE `personal_access_tokens`
  ADD PRIMARY KEY (`id`),
  ADD UNIQUE KEY `personal_access_tokens_token_unique` (`token`),
  ADD KEY `personal_access_tokens_tokenable_type_tokenable_id_index` (`tokenable_type`,`tokenable_id`);

--
-- Индексы таблицы `reestrs`
--
ALTER TABLE `reestrs`
  ADD PRIMARY KEY (`id`);

--
-- Индексы таблицы `regions`
--
ALTER TABLE `regions`
  ADD PRIMARY KEY (`id`);

--
-- Индексы таблицы `roles`
--
ALTER TABLE `roles`
  ADD PRIMARY KEY (`id`);

--
-- Индексы таблицы `roles_permissions`
--
ALTER TABLE `roles_permissions`
  ADD PRIMARY KEY (`role_id`,`permission_id`),
  ADD KEY `roles_permissions_permission_id_foreign` (`permission_id`);

--
-- Индексы таблицы `senders`
--
ALTER TABLE `senders`
  ADD PRIMARY KEY (`id`);

--
-- Индексы таблицы `settings`
--
ALTER TABLE `settings`
  ADD PRIMARY KEY (`id`);

--
-- Индексы таблицы `users`
--
ALTER TABLE `users`
  ADD PRIMARY KEY (`id`),
  ADD UNIQUE KEY `users_email_unique` (`email`);

--
-- Индексы таблицы `users_permissions`
--
ALTER TABLE `users_permissions`
  ADD PRIMARY KEY (`user_id`,`permission_id`),
  ADD KEY `users_permissions_permission_id_foreign` (`permission_id`);

--
-- Индексы таблицы `users_roles`
--
ALTER TABLE `users_roles`
  ADD PRIMARY KEY (`user_id`,`role_id`),
  ADD KEY `users_roles_role_id_foreign` (`role_id`);

--
-- AUTO_INCREMENT для сохранённых таблиц
--

--
-- AUTO_INCREMENT для таблицы `credit_names`
--
ALTER TABLE `credit_names`
  MODIFY `id` bigint(20) UNSIGNED NOT NULL AUTO_INCREMENT, AUTO_INCREMENT=28;

--
-- AUTO_INCREMENT для таблицы `docs`
--
ALTER TABLE `docs`
  MODIFY `id` bigint(20) UNSIGNED NOT NULL AUTO_INCREMENT, AUTO_INCREMENT=20;

--
-- AUTO_INCREMENT для таблицы `error_histori_search_reestrs`
--
ALTER TABLE `error_histori_search_reestrs`
  MODIFY `id` bigint(20) UNSIGNED NOT NULL AUTO_INCREMENT, AUTO_INCREMENT=51;

--
-- AUTO_INCREMENT для таблицы `failed_jobs`
--
ALTER TABLE `failed_jobs`
  MODIFY `id` bigint(20) UNSIGNED NOT NULL AUTO_INCREMENT;

--
-- AUTO_INCREMENT для таблицы `files`
--
ALTER TABLE `files`
  MODIFY `id` int(11) NOT NULL AUTO_INCREMENT, AUTO_INCREMENT=246;

--
-- AUTO_INCREMENT для таблицы `fssp_reestr_fields`
--
ALTER TABLE `fssp_reestr_fields`
  MODIFY `id` bigint(20) UNSIGNED NOT NULL AUTO_INCREMENT, AUTO_INCREMENT=11;

--
-- AUTO_INCREMENT для таблицы `histori_search_reestr_ids`
--
ALTER TABLE `histori_search_reestr_ids`
  MODIFY `id` bigint(20) UNSIGNED NOT NULL AUTO_INCREMENT, AUTO_INCREMENT=15;

--
-- AUTO_INCREMENT для таблицы `logs`
--
ALTER TABLE `logs`
  MODIFY `id` int(11) NOT NULL AUTO_INCREMENT, AUTO_INCREMENT=13;

--
-- AUTO_INCREMENT для таблицы `log_searches`
--
ALTER TABLE `log_searches`
  MODIFY `id` bigint(20) UNSIGNED NOT NULL AUTO_INCREMENT, AUTO_INCREMENT=1156;

--
-- AUTO_INCREMENT для таблицы `messages`
--
ALTER TABLE `messages`
  MODIFY `id` int(11) NOT NULL AUTO_INCREMENT, AUTO_INCREMENT=868;

--
-- AUTO_INCREMENT для таблицы `migrations`
--
ALTER TABLE `migrations`
  MODIFY `id` int(10) UNSIGNED NOT NULL AUTO_INCREMENT, AUTO_INCREMENT=21;

--
-- AUTO_INCREMENT для таблицы `permissions`
--
ALTER TABLE `permissions`
  MODIFY `id` bigint(20) UNSIGNED NOT NULL AUTO_INCREMENT, AUTO_INCREMENT=10;

--
-- AUTO_INCREMENT для таблицы `personal_access_tokens`
--
ALTER TABLE `personal_access_tokens`
  MODIFY `id` bigint(20) UNSIGNED NOT NULL AUTO_INCREMENT;

--
-- AUTO_INCREMENT для таблицы `reestrs`
--
ALTER TABLE `reestrs`
  MODIFY `id` bigint(20) UNSIGNED NOT NULL AUTO_INCREMENT, AUTO_INCREMENT=11;

--
-- AUTO_INCREMENT для таблицы `regions`
--
ALTER TABLE `regions`
  MODIFY `id` bigint(20) UNSIGNED NOT NULL AUTO_INCREMENT, AUTO_INCREMENT=90;

--
-- AUTO_INCREMENT для таблицы `roles`
--
ALTER TABLE `roles`
  MODIFY `id` bigint(20) UNSIGNED NOT NULL AUTO_INCREMENT, AUTO_INCREMENT=13;

--
-- AUTO_INCREMENT для таблицы `senders`
--
ALTER TABLE `senders`
  MODIFY `id` int(11) NOT NULL AUTO_INCREMENT, AUTO_INCREMENT=17;

--
-- AUTO_INCREMENT для таблицы `settings`
--
ALTER TABLE `settings`
  MODIFY `id` bigint(20) UNSIGNED NOT NULL AUTO_INCREMENT, AUTO_INCREMENT=2;

--
-- AUTO_INCREMENT для таблицы `users`
--
ALTER TABLE `users`
  MODIFY `id` bigint(20) UNSIGNED NOT NULL AUTO_INCREMENT, AUTO_INCREMENT=10;

--
-- Ограничения внешнего ключа сохраненных таблиц
--

--
-- Ограничения внешнего ключа таблицы `files`
--
ALTER TABLE `files`
  ADD CONSTRAINT `files_ibfk_1` FOREIGN KEY (`message_id`) REFERENCES `messages` (`id`) ON DELETE CASCADE ON UPDATE CASCADE,
  ADD CONSTRAINT `files_ibfk_2` FOREIGN KEY (`sender_id`) REFERENCES `senders` (`id`) ON DELETE CASCADE ON UPDATE CASCADE;

--
-- Ограничения внешнего ключа таблицы `messages`
--
ALTER TABLE `messages`
  ADD CONSTRAINT `messages_ibfk_1` FOREIGN KEY (`sender_id`) REFERENCES `senders` (`id`) ON DELETE CASCADE ON UPDATE CASCADE;

--
-- Ограничения внешнего ключа таблицы `roles_permissions`
--
ALTER TABLE `roles_permissions`
  ADD CONSTRAINT `roles_permissions_permission_id_foreign` FOREIGN KEY (`permission_id`) REFERENCES `permissions` (`id`) ON DELETE CASCADE,
  ADD CONSTRAINT `roles_permissions_role_id_foreign` FOREIGN KEY (`role_id`) REFERENCES `roles` (`id`) ON DELETE CASCADE;

--
-- Ограничения внешнего ключа таблицы `users_permissions`
--
ALTER TABLE `users_permissions`
  ADD CONSTRAINT `users_permissions_permission_id_foreign` FOREIGN KEY (`permission_id`) REFERENCES `permissions` (`id`) ON DELETE CASCADE,
  ADD CONSTRAINT `users_permissions_user_id_foreign` FOREIGN KEY (`user_id`) REFERENCES `users` (`id`) ON DELETE CASCADE;

--
-- Ограничения внешнего ключа таблицы `users_roles`
--
ALTER TABLE `users_roles`
  ADD CONSTRAINT `users_roles_role_id_foreign` FOREIGN KEY (`role_id`) REFERENCES `roles` (`id`) ON DELETE CASCADE,
  ADD CONSTRAINT `users_roles_user_id_foreign` FOREIGN KEY (`user_id`) REFERENCES `users` (`id`) ON DELETE CASCADE;
COMMIT;

/*!40101 SET CHARACTER_SET_CLIENT=@OLD_CHARACTER_SET_CLIENT */;
/*!40101 SET CHARACTER_SET_RESULTS=@OLD_CHARACTER_SET_RESULTS */;
/*!40101 SET COLLATION_CONNECTION=@OLD_COLLATION_CONNECTION */;
